id,event_ids,comment_view,reason,parent_topic_id,parent_comment_id
0FwzamKdI17lAk7ToGLq,zDLn38DfCkx1JTQfW7bl,เห็นด้วย,รัฐธรรมนูญต้องมีความยั่งยืน มั่นคง ประชาชนพร้อมที่จะพิทักษ์รัฐธรรมนูญ และปิดกั้นโอกาสคนไม่ดีไม่ให้เข้ามามีอำนาจ,xPfTusEykaoThPECEHNx,
0Jg4mGkOFsRxod7wCiq8,FLuzAE5dm4qazOoE4QaF,ไม่เห็นด้วย,เป็นข้อกำหนดอยู่แล้ว ว่า ครม. สภา ไม่สามารถมาเป็นสมาชิกได้,KxylHYyk2a6LnAUMKuCA,
0OX4wrogQcZzc9VYWXsa,zDLn38DfCkx1JTQfW7bl,เห็นด้วย,และเปิดโอกาสให้ประชาชนได้มีส่วนร่วมต่อการตัดสินใจในนโยบายทางการเมืองต่าง ๆ,ee9QQZxV5iESX66emeXE,sVTCUmp1l4ZU2LHgVion
0TAJFX3U2X97Uu9U4paa,FLuzAE5dm4qazOoE4QaF,เห็นด้วยบางส่วน,เพื่อให้เป็นไปได้สำหรับ กกต. อาจจะยังไม่ต้องสร้างเครื่องลงคะแนน (Hardware) แต่ใช้เทคโนโลยีเพื่อช่วยในการนับคะแนน (Image Processing),ZDsDi5uzFybyTHDyg7Sh,
0ThNahMU1b2LXwUr6v2P,FLuzAE5dm4qazOoE4QaF,เห็นด้วย,ต้องมีตัวแทนครบ ทั้งเชิงพื้นที่ และเชิงประเด็น,cwMYFZkBcDAT64xVGPYi,
0Z9YH0ZXFXGsnc3TUS30,FLuzAE5dm4qazOoE4QaF,เห็นด้วย,มีตัวอย่างประเด็นที่เชื่อมโยงกับประชาชน เช่น การมีอากาศที่ดี การจัดผังเมืองที่ส่งผลกระทบกับประชาชน เพื่อให้เห็นความสำคัญของการร่างรัฐธรรมนูญ,peEZ4F0cByDfdVv4Mh5R,JepMcNblrAVmITXa0ed8
0byiVBTYWiufZShxLens,FLuzAE5dm4qazOoE4QaF,ไม่เห็นด้วย,หลีกเลี่ยงพื้นที่เล็กยิ่งดี เพราะสามารถหลีกเลี่ยงปัญหาเรื่องหัวคะแนนได้,8WtlnkWM0PlR19PBZTR8,
0dYNkhTK9vQECyPtUmw9,FLuzAE5dm4qazOoE4QaF,เห็นด้วย,สื่อมวลชน และหน่วยงานที่เกี่ยวข้องต้องเปิดเผยข้อมูลอย่างโปร่งใส รวดเร็ว,UiN8egrbml9767vx9jT5,
1Ds7itj1Jqtebi2DKSPf,FLuzAE5dm4qazOoE4QaF,ไม่เห็นด้วย,ประชาชนบางคนเป็นสมาชิกพรรคการเมืองขนาดเล็ก ซึ่งบางครั้งไม่ได้มีส่วนได้ส่วนเสียในทางการเมือง,30iUR5Bs1u2g842KdF3y,weOxKzgOdsLZJOluVk6b
1Fvy1PAj7K6JefxvoKhD,XtVckzGBhhXrczpk2wBW,เห็นด้วย,ต้องการทราบว่าการยื่นคำร้องแต่ละครั้ง จะช่วยคดีได้จริงหรือไม่ และใครเป็นผู้ติดตามเรื่องให้,ZAdCNNsmsUjfqIH0m3Px,
1IBVgejIl59xxhuZZTxn,FLuzAE5dm4qazOoE4QaF,เห็นด้วย,สสร. ควรมีแต่หน้าที่ ไม่มีอำนาจ (เชิงจิตอาสา),wXQy4GNSAVByO1QwIw31,
1WdfIKqxdf6Bu6truJpC,FLuzAE5dm4qazOoE4QaF,เห็นด้วย,สามารถมีร่างเงาเสนอได้,hHM0HVjqwKVeG9AWTAZF,vl5ZMQtd9s7cs70Ro3hB
1dqAVHNlv9C5hTskoU0n,XtVckzGBhhXrczpk2wBW,เห็นด้วย,จากประสบการณ์ส่วนตัว โจทย์ใช้ทนายที่มีความสามารถ ส่วนตนไม่มีความรู้ด้านกฎหมายเลย ทำให้ไม่สามารถสู้คดีได้,ZAdCNNsmsUjfqIH0m3Px,
1eNOxxIBFyJsDjJgAnns,FLuzAE5dm4qazOoE4QaF,เห็นด้วย,ลดข้อจำกัดและการกีดกันคุณสมบัติ เพื่อเพิ่มความหลากหลาย,2rIAoKtf0uRsbMDTZ6kE,
1o1C3PPCHxm4LWK9sKRz,FLuzAE5dm4qazOoE4QaF,เห็นด้วย,สสร. ต้องมีการกำหนดคุณสมบัติในเชิงสากล เช่น ความสามารถในการรับผิดชอบได้ ความโปร่งใส,w1UaINJpdc3KsocCvWSD,
1oPpxh4IPCI4Qosqi6Oe,FLuzAE5dm4qazOoE4QaF,เห็นด้วยบางส่วน,ในเรื่องความหลากหลายของ สสร. ต้องมีการกำหนดการคัดกรองคุณสมบัติเรื่องการเปลี่ยนอาชีพของผู้สมัคร สสร. เช่น เคยเป็นทหารมาหรือไม่,4CGZkWkBlX9VNSkBJEGI,
1wVZ9dJdghCbiibyjjhT,FLuzAE5dm4qazOoE4QaF,เห็นด้วย,ต้องทำให้รัฐธรรมนูญเป็นเรื่องที่ง่ายก่อน ไม่ใช่แค่เรื่องของคนในเมืองและคนมีการศึกษา,qq5SykirmTIWsbbBDARc,
21xzPjI0y5gi4Aph4m30,Ri7THJYVq8VeyDjrJZS8,เห็นด้วย,รวมถึงการพัฒนาเทคโนโลยีทางอวกาศ,yaBWRUKJeB6kxCpL8yQM,
29hh88S9mdWtZKHCq81w,FLuzAE5dm4qazOoE4QaF,เห็นด้วย,เป็นผู้เชื่อมโยง เป็นคนทำ public hearing มากกว่า,Qq1TpRiXFWMxooMqijVt,
2BudDxi5LOqpoI5mSY1W,FLuzAE5dm4qazOoE4QaF,เห็นด้วย,representative ไม่ควรถูก dominate จากด้านใดด้านหนึ่ง ไม่งั้นจะมีการเอื้อประโยชน์แก่คนกลุ่มหนึ่ง,hHM0HVjqwKVeG9AWTAZF,
2DLIkmGi9QD7O0DFCX6M,Ri7THJYVq8VeyDjrJZS8,เห็นด้วย,เทคโนโลยีควรถูกใช้ในการพัฒนาสังคมในทุกมิติ: การเกษตร การศึกษา การแพทย์,yaBWRUKJeB6kxCpL8yQM,
2IYwMTNCuKiBvg5CrRng,XtVckzGBhhXrczpk2wBW,เห็นด้วย,ทนายอาสามักแนะนำให้ “รับสารภาพไปเถอะ” เพื่อให้โทษลดลง ทำให้ผู้ต้องขังบางส่วนรู้สึกว่าไม่ได้รับข้อมูลสิทธิทางกฎหมายอย่างรอบด้าน,YyfjnhJ84S5XvwMrBu0N,
2JF1mfc4itr32VkF0rw6,FLuzAE5dm4qazOoE4QaF,เห็นด้วย,ระบบของกลุ่มผู้เชี่ยวชาญต้องมี body ที่ชัดเจน ไม่ใช่กลุ่มลอย ๆ แบบอิสระ,ntBJAaqOZ6CVfzvCIdlt,Dxx97EmKFLXfJRoEzH06
2RG6qc2tztDlZvp1tvOF,FLuzAE5dm4qazOoE4QaF,เห็นด้วย,เอาไปวิเคราะห์ว่าก่อนร่าง รธน. ว่า รธน. จากสสร. ที่รับเลือกมันควรเป็นแบบไหน และรธน. ที่ออกมาหลังร่างเป็นยังไง,JkV4OtnlhvCzKVDYLx7h,
2YrIjZBWcnae1K9T2lyO,FLuzAE5dm4qazOoE4QaF,เห็นด้วย,เห็นด้วย ต้องมีกระบวนการคัดกรองที่โปร่งใส และมีความเป็นธรรมและไม่ใช่เพียงเจ้าหน้าที่รัฐเป็นคนคัดกรอง แต่ต้องมีภาคประชาสังคมเข้ามาคัดกรองด้วย,ioBTEBAqB3GfzOzop0K3,AxjNgQeYOaAMea6LevWg
2kzHxeeLZMZrNsMMtEO1,FLuzAE5dm4qazOoE4QaF,ไม่เห็นด้วย,ไม่จำเป็นต้องจบปริญญาตรี จบมัธยมก็สามารถเป็นสสร.ได้,8vddQeCXJp9iuCwsqe7l,hlIA18qqDJTqmloRSuBh
2oTgVMnu79oIKsm5Vg8L,FLuzAE5dm4qazOoE4QaF,ไม่เห็นด้วย,ควรมีการกำหนดผู้แทนในระดับจังหวัด,2rIAoKtf0uRsbMDTZ6kE,
2qHMh3tWHIyUfluO5wGI,FLuzAE5dm4qazOoE4QaF,เห็นด้วย,ให้ความสำคัญกับเกษตรกร ที่เป็นกระดูกสันหลังของชาติ,peEZ4F0cByDfdVv4Mh5R,
34O9apAzLZnufCje8FBU,FLuzAE5dm4qazOoE4QaF,เห็นด้วย,ต้องไม่เป็นกลุ่มตัวแทนของคณะใดคณะหนึ่ง,nrEaDmep95iroWpISISA,
38dFaF7XRwgMJPWEHQMH,FLuzAE5dm4qazOoE4QaF,เห็นด้วย,ควรมีการเช็คว่าได้ทำตามสัญญาเวลาที่หาเสียงไหม,w1UaINJpdc3KsocCvWSD,
3LsaCn2VOnpowHnit8AK,FLuzAE5dm4qazOoE4QaF,เห็นด้วย,อยากให้ประชาชนสนใจการเลือกตั้ง สสร. เพราะเป็นการเลือกตั้งทางตรง ที่ผ่านมาเราเน้นการเลือกตั้งทางอ้อม ผ่านตัวแทนมากกว่า,peEZ4F0cByDfdVv4Mh5R,
3Nd3Mhgbg5c2OMgIaFKV,FLuzAE5dm4qazOoE4QaF,เห็นด้วย,ผู้ดำรงตำแหน่ง สสร. ต้องไม่มีงานประจำ ณ วันที่ได้รับตำแหน่ง,59G9i7h4GZtz0ScSAn0C,
3RVRhk13WGME6sRVAHbi,FLuzAE5dm4qazOoE4QaF,เห็นด้วย,สสร. ต้องมีเอกสิทธิ์ในการแสดงความเห็น ไม่ว่าจะเรื่องใดๆ,yhZRzAUfUTa7emEn5TrG,
3f6xflafqY193qEJofSD,FLuzAE5dm4qazOoE4QaF,เห็นด้วยบางส่วน,ผู้เชี่ยวชาญเป็นผู้เล่นรอง ใช่ แต่ความเชี่ยวชาญไม่สำคัญเท่าการ push agenda ความอยากแก้รัฐธรรมนูญ (จากกลุ่มหลากหลาย),ntBJAaqOZ6CVfzvCIdlt,Dxx97EmKFLXfJRoEzH06
3x4Sj02hli6Lad5vqgih,FLuzAE5dm4qazOoE4QaF,เห็นด้วย,คิดถึงไอเดียของเยอรมัน เขาใช้วิธีการแต่ละรัฐเลือกมารวม 60 คน พอตัวแทนแต่ละรัฐไปคุย เขาก็มีตุ๊กตาของรัฐธรรมนูญมาของตัวเอง แล้วเอาไปรวม,Qq1TpRiXFWMxooMqijVt,
41P0raW72m7NROWaKKHH,FLuzAE5dm4qazOoE4QaF,เห็นด้วยบางส่วน,คดีการเมือง เช่น 112 ไม่ควรถูกกีดกัน,w1UaINJpdc3KsocCvWSD,pvgzXQmEqXcLkAu72Asi
479kPEmbjn8xopPmhPWz,FLuzAE5dm4qazOoE4QaF,เห็นด้วย,หลาย ๆ ประเทศ ลดเพดานอายุผู้มีสิทธิเลือกตั้งแล้ว เช่น ออสเตรีย 16 ปี,pegZwJVtwSuC87fEl0UZ,
4JP4RkQa9wFHvjR5mKM9,FLuzAE5dm4qazOoE4QaF,เห็นด้วยบางส่วน,กกต.จัดการเลือกตั้งอย่างเป็นอิสระ ไม่ผ่าน มท. โดยเปิดรับสมัครอาสาสมัคร ผ่านการฝึกอบรม เพื่อทำหน้าที่ประจำหน่วยเลือกตั้ง (ไม่ผ่าน มท.),f8RGpxZJ7dQCu4DY6KRj,ezGtPQ5kNoPJcx6H2kek
4Oyb9X2JiSOQ2NsgNUvQ,FLuzAE5dm4qazOoE4QaF,เห็นด้วยบางส่วน,ไม่เชื่อในความอิสระ (เลือกใครก็ได้เข้ามา) ควรมีการคำนึงถึงชนกลุ่มน้อย ต้องมีการวางโควตาเป็นสัดส่วนที่ชัดเจน,tB7DEtiqE3Wvd4N16LQd,
4QVtqJ2F6kompUmf2Oa9,FLuzAE5dm4qazOoE4QaF,เห็นด้วย,ตัววัดผลเรื่องการสื่อสารคือจำนวนผู้ลงคะแนน เนื่องจากเดิมมันมีคนมาใช้เสียงน้อย,peEZ4F0cByDfdVv4Mh5R,
4SAc9JbRnJzLkbxT2lGD,vXyzxEkaeEFoAcKQEeia,เห็นด้วย,ผู้ต้องขังระหว่างฯ ต้องมีสิทธิที่จะเป็นผู้บริสุทธิจนกว่าจะมีคำตัดสินจากศาล,S6GtIWAGWDQXstwOMsxM,
4X08Qgzc8qLT7f0oxrok,FLuzAE5dm4qazOoE4QaF,ไม่เห็นด้วย,ภูมิศาสตร์ไม่ได้สะท้อนความต้องการเสมอไป แต่ว่าเป็นเกณฑ์ที่ง่ายที่สุดเพื่อให้คนไปออกเสียง,2rIAoKtf0uRsbMDTZ6kE,65HbF76CoG7Fg9Qa1QQr
4f5lgmo519h3AstfALXd,FLuzAE5dm4qazOoE4QaF,เห็นด้วยบางส่วน,สภา/ครม. สามารถกำหนด อำนวยความสะดวกให้ได้ และเปิดกว้างให้กระบวนการ,KxylHYyk2a6LnAUMKuCA,
4pQqbJ5LZ7RI5fu9umf0,AkUH6sty9Lv2WuTTXRD9,เห็นด้วย,การถูกเลิกจ้างกลางคันเพราะนายจ้างตรวจพบประวัติอาชญากรรม ทำให้ตนต้องกลับไปยุ่งเกี่ยวกับยาเสพติด และกลับเข้าเรือนจำเป็นครั้งที่สอง,BT8x8rmFStJjIMvPB10J,
4s79ptlfhMcDxsItHkEf,FLuzAE5dm4qazOoE4QaF,เห็นด้วย,สสร. ต้องประกอบด้วยกลุ่มคนที่หลากหลายประเด็น อาชีพและความคิดเห็น,4CGZkWkBlX9VNSkBJEGI,ykgFSLJiZZMo0ZNGF98c
4uRVTmJIXAKI74O9D0EG,FLuzAE5dm4qazOoE4QaF,เห็นด้วย,ผู้เชี่ยวชาญควรมาคุยกันเองก่อน เพื่อตกผลึก agenda ของกลุ่มตัวเอง เพื่อเป็นแก่นในการร่างกฎหมายต่อไป,ntBJAaqOZ6CVfzvCIdlt,
58ithehzptkJMMwctHDz,FLuzAE5dm4qazOoE4QaF,เห็นด้วย,ไม่จำเป็นต้องเชี่ยวชาญเรื่องกฎหมายอย่างเดียว,JrrSMrVIPnXKGeNiUZIJ,
59M9dWEMl17SWuTB8at1,FLuzAE5dm4qazOoE4QaF,ไม่เห็นด้วย,ตัวแทนภูมิภาคจะสร้างเงื่อนไขที่เป็นตัวแทนกลุ่มอาชีพ,2rIAoKtf0uRsbMDTZ6kE,65HbF76CoG7Fg9Qa1QQr
5Kc5WiGAPZOaQ48LVKYa,FLuzAE5dm4qazOoE4QaF,เห็นด้วยบางส่วน,เสนอกลุ่มให้ครบ ครอบคลุมความหลากหลายและความเป็นตัวแทน,lY0oZzdYo9y3zFhhYnmy,
5PziCqrcjcQn0mdve1dd,FLuzAE5dm4qazOoE4QaF,เห็นด้วยบางส่วน,สสร. ควรอยู่ใน role education เรื่องรัฐธรรมนูญดีกว่า เพื่อสื่อสารกับคนในระยะยาว มากกว่าการมีอำนาจ,Zm98HOrjLwwudUq56iax,
65HbF76CoG7Fg9Qa1QQr,FLuzAE5dm4qazOoE4QaF,ไม่เห็นด้วย,สสร ควรเป็นตัวแทนตามพื้นที่ เพราะต่างที่ ต่าง concern,2rIAoKtf0uRsbMDTZ6kE,
6IiJd0Jva4coeITiZLkX,FLuzAE5dm4qazOoE4QaF,ไม่เห็นด้วย,คิดว่าตอนนี้ใช้ Agenda Driven แล้ว มันมีเวทีที่ Empowering มากมาย,hHM0HVjqwKVeG9AWTAZF,nwAHKB5cLzw3drCmB3nu
6UnuQzHGUPOfXycF5Qdr,FLuzAE5dm4qazOoE4QaF,เห็นด้วย,สสร.ควรย้อนกลับไปดูบทเรียนในอดีต เพราะปี 2557 เกิดจากการรัฐประหาร ยอมไม่ได้,UiPSbzGwIdu94dj1WKN4,
6Vllrhu21GuKubGMmXjI,FLuzAE5dm4qazOoE4QaF,ไม่เห็นด้วย,ไม่ควรกีดกันผ่านกระบวนการรับสมัครตั้งแต่ต้น ไม่ควรกำหนดคุณสมบัติ แต่ให้ประชาชนเป็นคนเลือกเอง,mMeEpUAziHDhG50zT935,bWRjIZZGV3aZFQyJyp5t
6XLomAWU3PWC5FRTYsWy,AkUH6sty9Lv2WuTTXRD9,เห็นด้วย,เพราะมองว่าการช่วยเหลือด้วยเงินไม่เพียงพอ อยากให้คุ้มครองการใช้ชีวิตในแง่อื่นร่วมด้วย “บางเรื่องเราแบกคนเดียวไม่ได้”,KGlNY6Z1v9IK1r2wc172,
6qc83SLS8vUBscnvHScr,FLuzAE5dm4qazOoE4QaF,เห็นด้วย,ควรมีตัวแทนในเชิงวิชาชีพด้วย เพื่อสะท้อนผลประโยชน์ของอาชีพและชนชั้นของตนเอง,cwMYFZkBcDAT64xVGPYi,0ThNahMU1b2LXwUr6v2P
6s7QB9dAbnIZXDPfduhW,OiKFo7nNy4gsLARMI6zP,เห็นด้วย,ควรเพิ่มงบประมาณวิจัยเพื่อพัฒนาประเทศให้ดีขึ้น,XjCp9loWyVJVNkl15Rhj,
79Vidtqbv5i4f7Sk6hJk,FLuzAE5dm4qazOoE4QaF,เห็นด้วย,เพื่อเพิ่ม political education ส่งเสริมการมีส่วนร่วมของประชาชน,U3yJP2gjVAZV5h2JzNxY,
7CuyytV2YeD72AOrD8vX,FLuzAE5dm4qazOoE4QaF,ไม่เห็นด้วย,บางคนอาจจะไม่มีรายได้เยอะพอดูแลตัวเอง ควรให้มีอาชีพอื่นได้,oRaHQAaxlJ5gKS85cssh,
7QahlvuPEPJwTuRyQRhl,FLuzAE5dm4qazOoE4QaF,เห็นด้วยบางส่วน,ต้องมีแนวทางแนะนำตัวที่ไม่ได้จบแค่ใบสมัครบนกระดาษ,AaA3IdPpPRmGriTmLm26,
7X1JlF87yIiaCeQtVekI,FLuzAE5dm4qazOoE4QaF,เห็นด้วย,เพราะสสร.ไม่สามารถ independent ได้แล้ว แต่ให้เปิดเผยไปเลยว่าคุณมีเฉดแบบไหน,PPDctBeP0CJft1MFeAC8,
7ZImdY1Go5bjHVzwktSd,FLuzAE5dm4qazOoE4QaF,เห็นด้วย,อินโดนีเซียไม่เอาทหารมาเกี่ยวพันกับการร่างรัฐธรรมนูญ,1nja4ZhMvSVsjlVvtx9r,
7ylAbqOFz4Delu2OOW2k,FLuzAE5dm4qazOoE4QaF,ไม่เห็นด้วย,สสร. ต้องไม่มีความเกี่ยวโยงกับคณะรัฐประหาร เพื่อไมให้เอื้อต่อการคงอยู่ของระบอบเดิม,VWv2kzIsYMLNk5oxEMFe,
85doAtpvyQsaQz8HxYo0,AkUH6sty9Lv2WuTTXRD9,เห็นด้วยบางส่วน,จะล้างหรือไม่ล้างประวัติอาชญากรรมก็ได้ ขอแค่พ้นโทษออกมาแล้วไม่ถูกสังคมกีดกันก็พอ,BT8x8rmFStJjIMvPB10J,q1FfU02VjBxgKUOBpaHC
8HH5LPFod9GtBdEwfyop,FLuzAE5dm4qazOoE4QaF,เห็นด้วย,เปิดรับสมัครทั้งผู้เชี่ยวชาญและประชาชนทั่วไปเป็นคณะที่ปรึกษาทำงานร่วมกับ สสร.,04igkOa0KDKz9yfJogEo,
8KB4RO4UNHd7UzARi3GC,FLuzAE5dm4qazOoE4QaF,เห็นด้วย,ไม่จำเป็นต้องมีอำนาจตัดสินใจ แต่ต้องเป็นคณะทำงานเพื่อให้ความเห็นให้เนื้อหาไม่เบี้ยวไป,lY0oZzdYo9y3zFhhYnmy,
8NhqIUeHzeVsGCN0S3Mu,FLuzAE5dm4qazOoE4QaF,เห็นด้วย,ไม่ให้ผู้ฉกฉวยอำนาจ (ทหาร ตำรวจ) เข้ามามีส่วนร่วม,aCL83gC4Gh7cOdX9XhxE,
8Pfg0nL2qGmJCZ8oLRd0,FLuzAE5dm4qazOoE4QaF,เห็นด้วย,หลีกเลี่ยงพื้นที่เล็กยิ่งดี เพราะสามารถหลีกเลี่ยงปัญหาเรื่องหัวคะแนนได้,U3yJP2gjVAZV5h2JzNxY,zxhpNMPKlP69hrkoRI3q
8UEGM5MvQVmL16SxPOo5,FLuzAE5dm4qazOoE4QaF,เห็นด้วยบางส่วน,มีจำนวน 100-150 คน แต่ตัวแทนจังหวัดต้องไม่เหมือนการเลือก สว. ในปี 67,8WtlnkWM0PlR19PBZTR8,
8uVu800AdLniyyJshTlO,HTmIYhVrz22i3PjxdS0h,เห็นด้วย,รัฐควรสนับสนุนให้เด็กและเยาวชนสามารถเข้าถึงระบบการศึกษาได้อย่างเท่าเทียม รวมทั้งการสร้างสภาพแวดล้อมที่เอื้อต่อการศึกษา,wODKVw70M0C8blVDMpfL,
9GW2UlwkVhabELr942Oy,FLuzAE5dm4qazOoE4QaF,ไม่เห็นด้วย,ควรพิจารณาเรื่องการประชาสัมพันธ์ของ สสร กังขาเรื่องการกุม agenda ในการเผยแพร่ข้อมูล (ซ้ำรอย รธน60),UAUwl0DaojqWo5PD1hl8,
9Wg8NXHSoow7w8tIkGoK,ZeztgNNzU3DbAZNdVQbt,เห็นด้วย,โดยเฉพาะผู้ด้อยโอกาส เช่น ผู้พิการ ก็ควรได้กับการคุ้มครองให้มีทุนสำหรับตั้งต้นชีวิตและประกอบอาชีพ,t6hibvHASB7ImBStKhrw,
9qXSTfTA4Bs9XYApcRWW,FLuzAE5dm4qazOoE4QaF,เห็นด้วยบางส่วน,การไม่อยู่ภายใต้กลุ่มการเมืองทำได้ยาก แต่อาจจะให้เป็น facilitator ที่เป็นคนรวบรวมไอเดีย แต่ไม่ใช่คนออกความเห็น,VWv2kzIsYMLNk5oxEMFe,iEQebMJL5nW2f4IVdjos
9tU3F6s7F5AiMcaTfuCz,OiKFo7nNy4gsLARMI6zP,เห็นด้วย,การกระจายอำนาจเป็นหนทางหนึ่งในการพัฒนาประเทศ,53UEd7GeI48aWUYhrgWZ,
9vD42917fp3SMYF0oSyA,FLuzAE5dm4qazOoE4QaF,เห็นด้วย,ให้มีการตั้งกรรมาธิการ หรืออนุกรรมาธิการเพื่อรับฟังระเด็นเฉพาะแยก ๆ ไป เพื่อรับประกันการรับฟังเสียงจากประชาชน,ntBJAaqOZ6CVfzvCIdlt,
A80kTqWLUB7YmRMiSwzL,FLuzAE5dm4qazOoE4QaF,เห็นด้วย,สื่อ ประชาชน นักวิชาการและภาคประชาสังคมต้องร่วมมือกัน,30iUR5Bs1u2g842KdF3y,
ADMVNG8oU91Mw3y63Vfc,FLuzAE5dm4qazOoE4QaF,เห็นด้วย,เทคโนโลยีสามารถทำให้วิเคราะห์ Big Data เพื่อช่วยในการตัดสินใจได้,Qq1TpRiXFWMxooMqijVt,oNKKsxBjbAXD5gVkyyar
AV2msfzJisedPnj3GlE6,FLuzAE5dm4qazOoE4QaF,เห็นด้วยบางส่วน,ไม่แน่ใจว่าการให้อำจาจองค์กรอิสระ อาจนำไปสู่การกลั่นแกล้งทางการเมือง,mb426CKotDswSd9rgWPp,
AVpCYLaFrwVgjPwVTBkT,FLuzAE5dm4qazOoE4QaF,ไม่เห็นด้วย,ผู้สูงอายุควรเป็นแค่ที่ปรึกษา มากกว่าเป็น สสร โดยตรง,pegZwJVtwSuC87fEl0UZ,
AWAMAkTpMJKT6bAmvrHU,FLuzAE5dm4qazOoE4QaF,เห็นด้วย,อยากเลือกเลยไม่มาสมัคร,eI7AwyqnfrU90ciZcB2J,
AaPt20t8Excca8vzCQzn,FLuzAE5dm4qazOoE4QaF,เห็นด้วย,เพื่อสะท้อนจุดยืนร่วมกันทั้งหมด,i7nD4nBuvDJmmwAAfNuk,
AdEYuiYNYBYWYOdqSwh9,FLuzAE5dm4qazOoE4QaF,ไม่เห็นด้วย,เราต้องหารูปแบบการร่างที่ไม่ฝากความหวังกับพรรคการเมือง เพราะพรรคการเมืองหาเหตุผลเข้าข้างเพื่อทำให้ช้าตลอด,bpWnfM1sudt4FMI0wS9t,
AfGJx1rGomFJjLqvZ91L,FLuzAE5dm4qazOoE4QaF,เห็นด้วยบางส่วน,กรอบเวลาต้องไม่ถูกนำมาเป็นเงื่อนไข ซื้อเวลา,UiN8egrbml9767vx9jT5,0dYNkhTK9vQECyPtUmw9
AxjNgQeYOaAMea6LevWg,FLuzAE5dm4qazOoE4QaF,เห็นด้วย,ต้องมี platform และ open data ให้กับประชาชนทุกคนเห็นถึงปัญหา,ioBTEBAqB3GfzOzop0K3,
BEtyfZUrCT5ts8an6qjW,FLuzAE5dm4qazOoE4QaF,เห็นด้วย,การนำไปร่างเป็นกฎหมายต่อ ต้องให้นักกฎหมายมาทำ,ntBJAaqOZ6CVfzvCIdlt,4uRVTmJIXAKI74O9D0EG
BNeJT64yMqc1eHtsGFJc,FLuzAE5dm4qazOoE4QaF,เห็นด้วย,เห็นด้วย เพราะ การเป็นสมาชิกพรรคการเมืองแสดงถึงการต้องการมีส่วนร่วมทางการเมือง,30iUR5Bs1u2g842KdF3y,
BfA6Z5AKQgNJvQDZeiGO,FLuzAE5dm4qazOoE4QaF,เห็นด้วยบางส่วน,ผู้ที่กำหนดจำนวน สสร. คืออนุกรรมการตามความเชี่ยวชาญ จัดตั้งโดยพิจารณาจากความเชี่ยวชาญทางเทคนิค,l5syMnVe7oyPyItseDcU,
BiIYMjWFcOk8hupnoB10,FLuzAE5dm4qazOoE4QaF,เห็นด้วยบางส่วน,สสร. ควรปรับแก้ให้ศาลรัฐธรรมนูญไม่มีอำนาจมากเกินไป,KnLQ88WRrt7g9gfxdAr1,
BiX8sn8sgoGHnVb1OWY4,FLuzAE5dm4qazOoE4QaF,เห็นด้วย,ความหลากหลายเพศสภาพ อายุ อาชีพ ความเป็นตัวแทน,4CGZkWkBlX9VNSkBJEGI,
BuSCFmVRac3WHWdBvAgW,FLuzAE5dm4qazOoE4QaF,เห็นด้วย,ประเด็นรัฐธรรมนูญต้องเปิดให้ประชาชนเข้าถึงได้ในรูปแบบ open data,peEZ4F0cByDfdVv4Mh5R,
Bx3X1pf18pqtWmMyFgip,FLuzAE5dm4qazOoE4QaF,เห็นด้วย,เรียนเกี่ยวกับอะไรก็ได้,8vddQeCXJp9iuCwsqe7l,
C3YaHfmvMQHn8B7qQe0y,FLuzAE5dm4qazOoE4QaF,ไม่เห็นด้วย,เราไม่สามารถแยกพรรคการเมืองออกจากกระบวนการทางการเมืองได้อยู่ดี (ตัวอย่างเช่น สว.) ให้เขาประกาศตัวมาเลยดีกว่า ว่าเขาเกี่ยวข้องกับพรรคไหน,30iUR5Bs1u2g842KdF3y,weOxKzgOdsLZJOluVk6b
CDyqRePxNIdDrnf4bJwx,FLuzAE5dm4qazOoE4QaF,เห็นด้วย,ต้องมีการติดตามหลังจากการทำงาน,FTlX1sG1A34X6v4SF2KR,
CXnyCWlaawUgNGZt0t2b,zDLn38DfCkx1JTQfW7bl,เห็นด้วย,มีกลไกแสดงความเห็นที่มากขึ้นและหลากหลาย,jHdCJCKb650P142dwlCc,
D9nshnyY3Kn6UDDUvPp0,FLuzAE5dm4qazOoE4QaF,ไม่เห็นด้วย,ผู้สูงอายุมีข้อจำกัดเรื่องสุขภาพ,pegZwJVtwSuC87fEl0UZ,
DBfl5thAkPNTXk3khoxx,FLuzAE5dm4qazOoE4QaF,เห็นด้วย,บางคนไม่ได้เฉพาะทางด้านนั้น ทำให้เกิด bias,5rWaEjqgvDdjO8xjUyME,
DIbxmC7WpKJ0DCORdhI4,FLuzAE5dm4qazOoE4QaF,เห็นด้วย,ต้องคิดถึงการสื่อสารไปยังคนป่วย คนพิการ คนไม่มีโทรศัพท์มือถือ,peEZ4F0cByDfdVv4Mh5R,
DN0FylclpqsCnpVWreDY,FLuzAE5dm4qazOoE4QaF,เห็นด้วย,สุดท้ายประชามติก็สะท้อนแค่เพียงประชานิยม,tB7DEtiqE3Wvd4N16LQd,jKtwkjU2YTASF4dQhkuX
DNDM36EkKbLrRyl9EMY2,FLuzAE5dm4qazOoE4QaF,เห็นด้วยบางส่วน,ควรยึดโยง และเป็นผู้แทนด้านอุดมการณ์ โดยยังมีความยึดโยงกับฝ่ายนิติบัญญัติ (รัฐสภา),2rIAoKtf0uRsbMDTZ6kE,
Db2yXR5QZKWC1ehP1w63,zDLn38DfCkx1JTQfW7bl,เห็นด้วย,เพื่อให้ผลประโยชน์ส่วนตัวดังนั้นก็จะถูกจำกัดควบคุมไม่ให้มีอำนาจมากเกินไปจนเกิดผลร้านต่อสังคมในภาพรวม,y02zxIhpl5SrMiqbe6PZ,
DffuD3sbUqbU1eCj1iWp,FLuzAE5dm4qazOoE4QaF,เห็นด้วยบางส่วน,ไม่ควรปิดกั้นแต่ต้องมีสิทธิที่ถูกเปิดเผยข้อมูล,w1UaINJpdc3KsocCvWSD,
Dxx97EmKFLXfJRoEzH06,FLuzAE5dm4qazOoE4QaF,เห็นด้วย,ผู้เชี่ยวชาญควรเป็นตัวเสริมมากกว่าผู้เล่นหลัก,ntBJAaqOZ6CVfzvCIdlt,
EHrkYtcey5avDcV5GvmD,Ri7THJYVq8VeyDjrJZS8,เห็นด้วย,ท้องถิ่นต้องสามารถบริหารจัดการตนเองได้,QnMEfvJp90FiAYeNtnXb,
EPH5HtrifYzXDMUCbdTm,FLuzAE5dm4qazOoE4QaF,เห็นด้วย,ไม่ยัดเยียดเนื้อหาให้กับประชาชน ไม่โยนภาระให้ประชาชนไปศึกษาเอง แต่ต้องอธิบายให้เข้าใจเรื่อง สสร. ว่ามีที่มาจากไหน และมีเพื่ออะไร,FTlX1sG1A34X6v4SF2KR,
EUUZZiJJFEwq6bVtOB2O,FLuzAE5dm4qazOoE4QaF,เห็นด้วย,ผู้เชี่ยวชาญควรสร้างพื้นที่ ทำหน้าที่กระบวนกรเพื่อรวบรวมและนำประเด็นจากประชาชนมาเขียนกฎหมาย,Pl9XOn5DOwkr51BNH2hh,m13xLNSqMioA11nJLvLe
EYuPW789sLuOfnoERw9S,zDLn38DfCkx1JTQfW7bl,เห็นด้วย,รัฐธรรมนูญควรโอบรับความหลากหลาย: สามารถรองรับและให้พื้นที่แก่คนทุกกลุ่มในสังคมอย่างเท่าเทียม,V8mRVC0MDmkQBgs9erqT,
EcEfKa3Uzv4Eza0LPHdl,FLuzAE5dm4qazOoE4QaF,เห็นด้วยบางส่วน,ต้องมีอุดมการณ์ทางการเมืองที่เป็นประชาธิปไตย ไม่เป็นปฏิปักษ์ต่อประชาธิปไตย,8vddQeCXJp9iuCwsqe7l,hlIA18qqDJTqmloRSuBh
EjLgVrqNgJv0sVBKRBP1,FLuzAE5dm4qazOoE4QaF,เห็นด้วยบางส่วน,ความว่าเร็วหรือช้าของแต่ละคนไม่เหมือนกัน ต้องกำหนดกรอบเวลามาเลย,gVOKNIr5SqGSYt4UQGwz,
FAyexge78WytZ5sLK6Ui,FLuzAE5dm4qazOoE4QaF,เห็นด้วยบางส่วน,ระบอบเดิม ถ้าหมายถึงรัฐบาลเก่า คิดว่าไม่ควรกีดกัน เพื่อก็ถือเป็นคนไทยคนนึงที่มีส่วนได้ส่วนเสียกับรัฐธรรมนูญ,VWv2kzIsYMLNk5oxEMFe,7ylAbqOFz4Delu2OOW2k
FVtqOZUpIMRdPWcViubl,FLuzAE5dm4qazOoE4QaF,เห็นด้วย,สสร. ควรมาจากประชาชนทั้งหมดจริงๆ เพราะเป็นผู้ได้รับปัญหา,aCL83gC4Gh7cOdX9XhxE,
GU1M1vbrTwVHJa75R6Q3,FLuzAE5dm4qazOoE4QaF,ไม่เห็นด้วย,บางคนก็เป็นสมาชิกพรรคการเมือง ซึ่งควรจะสมัครเป็นสสร.ได้,VWv2kzIsYMLNk5oxEMFe,7ylAbqOFz4Delu2OOW2k
GkEOln4YxaahSvBIPopV,HTmIYhVrz22i3PjxdS0h,เห็นด้วย,สนับการส่งเสริมความรู้ในเรือนจำ โดยอยากให้ในเรือนจำมีหนังสือเรียนจำนวนเยอะกว่านี้ ,hfmR2J1HSybT3k2ocQnN,
Gp9NwiPxRd8MybqHApXV,FLuzAE5dm4qazOoE4QaF,เห็นด้วย,แต่อาจจะต้องแบ่งวิธีการเลือกเป็นหลายแบบ เพื่อให้สะท้อนเชิงพื้นที่และกลุ่มประชากร,wnWqZuCRhIESkI8KhmhZ,
GujH6vnReim7kRlVEuAM,FLuzAE5dm4qazOoE4QaF,เห็นด้วยบางส่วน,ตัวอย่างจากเยอรมันมีการกีดกันแค่พรรคนาซี โดยมี 60 + 5 ที่เป็นผู้เชี่ยวชาญจะไม่มีสิทธิโหวต,VWv2kzIsYMLNk5oxEMFe,iEQebMJL5nW2f4IVdjos
H7y6hTJdkXjYZ40qvf7c,FLuzAE5dm4qazOoE4QaF,ไม่เห็นด้วย,คุณสมบัติของความเป็นพลเมือง ไม่ควรดูแค่โทษเพราะเป็นปัญหา เช่น การถูกเว้นวรรคทางการเมือง คนที่อยู่ในคุกก็เป็นพลเมือง ไม่ควรถูกจำกัด,w1UaINJpdc3KsocCvWSD,pvgzXQmEqXcLkAu72Asi
H8wemWUVt7LMwOOIS9fY,FLuzAE5dm4qazOoE4QaF,ไม่เห็นด้วย,"สสร. ต้องมีจำนวน 10,000 คน",l5syMnVe7oyPyItseDcU,
HFAcvmXsBHz57hYl2X28,Ri7THJYVq8VeyDjrJZS8,เห็นด้วย,รัฐธรรมนูญควรยืดหยุ่น เสมอภาค ปลอดช่องโหว่ แต่ก็แก้ไขได้ผ่านกลไกเดียวกัน,IjZMXmGBxDDaJKh5DyOZ,
HHcWO9hcZYbG2OjYEtb2,zDLn38DfCkx1JTQfW7bl,เห็นด้วย,ให้อำนาจในการปกครองทั้งสาม (บริหาร นิติบัญญัติ ตุลาการ) มีความเสมอกันและประชาชนมีส่วนร่วมในกระบวนการทางศาลมากขึ้น,y02zxIhpl5SrMiqbe6PZ,
HYx4HXUz25aL6r9hsnuD,OiKFo7nNy4gsLARMI6zP,เห็นด้วย,เพื่อให้มีอำนาจจัดการเรื่องในท้องถิ่นตนเองได้อย่างมีประสิทธิภาพและมีการปฏิบัติงานอย่างโปร่งใส,53UEd7GeI48aWUYhrgWZ,
Hq1iRUFrpNRAeu2JdwsF,FLuzAE5dm4qazOoE4QaF,เห็นด้วย,ตัวอย่าง ชาวนา ที่จะต้องมีความรู้เรื่องที่ดิน เรื่องการแบ่งที่ดิน และเข้าใจเรื่องผลกระทบที่จะเกิดขึ้นกับภาคส่วนอื่นด้วย,sAmtB8fy0VPiNkHFh2ON,
Hu5uzJmqCnVCFsqlzdwN,FLuzAE5dm4qazOoE4QaF,เห็นด้วยบางส่วน,ผู้แทนต้องมีความหลากหลาย,cwMYFZkBcDAT64xVGPYi,
I4pfLaOAT1dMax5fXD3b,FLuzAE5dm4qazOoE4QaF,เห็นด้วยบางส่วน,อาจจะต้องมีผู้เชี่ยวชาญทั้งทฤษฎีและปฏิบัติได้ เช่น มีทั้งแต่งตั้งและเลือกตั้ง มีทั้งความรู้และคนที่เป็นตัวแทนกลุ่มนั้น ๆ,sAmtB8fy0VPiNkHFh2ON,
IBCVBZ28130D4Bh1wQjw,FLuzAE5dm4qazOoE4QaF,เห็นด้วย,เป็นสองแบบก็ได้ แต่อยากให้วิธีแบ่ง วิธีเลือกเหมือนกัน ไม่งั้นประชาชนจะงง,U3yJP2gjVAZV5h2JzNxY,
IC0ZtwkP0klocyuoU4Pn,FLuzAE5dm4qazOoE4QaF,เห็นด้วย,การร่างรัฐธรรมนูญถูกทำให้รีบและช้าด้วยพรรคการเมืองจนทำให้ประชาชนไม่อยู่ในสมการ,gVOKNIr5SqGSYt4UQGwz,
IHRPGtdNYdToi6GLamoi,FLuzAE5dm4qazOoE4QaF,เห็นด้วย,ควรใช้วิธีการแบบ lawmaker นายก ประธานสภามามีส่วนเกี่ยวข้อง เพื่อให้คำมั่นว่ากระบวนการร่างจะไม่อยู่บนผลประโยชน์ของกลุ่มใดกลุ่มหนึ่ง,UleYx7RFuAD5OD6KsFhE,
IJEhfDlc566PanzZ6pUP,FLuzAE5dm4qazOoE4QaF,เห็นด้วย,ไม่ไว้ใจผู้บริหาร-บอร์ด ซึ่งมีการบิดเบือนได้,f8RGpxZJ7dQCu4DY6KRj,
IRHu8jzIvV2x2Vfr4ynS,FLuzAE5dm4qazOoE4QaF,เห็นด้วยบางส่วน,แต่เนื่องจาก รธน. เป็นเรื่องของคนทั้งประเทศ จึงอยากให้ปาร์ตี้ลิสต์มีสัดส่วนเยอะกว่า,U3yJP2gjVAZV5h2JzNxY,
IZFmbasvVJJc0rb9x4dc,FLuzAE5dm4qazOoE4QaF,เห็นด้วย,ทำให้การเป็น สสร. ไม่ได้มาพร้อมอำนาจอันหอมหวาน,Qq1TpRiXFWMxooMqijVt,oNKKsxBjbAXD5gVkyyar
IgGaShvipK5GSQJKHcLY,FLuzAE5dm4qazOoE4QaF,เห็นด้วย,บางคนที่เก่ง แต่ไม่สมัครเลือกตั้ง ก็ไม่ได้มาทำหน้าที่ สสร. อย่างที่ควรจะเป็น,tB7DEtiqE3Wvd4N16LQd,jKtwkjU2YTASF4dQhkuX
JMUT01vCwWkQkVeNtKLB,FLuzAE5dm4qazOoE4QaF,เห็นด้วยบางส่วน,ต้องมีเงื่อนไขรองรับอาชีพเดิมที่ทำอยู่ เพื่อเป็นหลักประกันในแง่สวัสดิการ,59G9i7h4GZtz0ScSAn0C,
JXVqYHrNpbdjp8ou7wLA,FLuzAE5dm4qazOoE4QaF,เห็นด้วย,ผู้สมัคร สสร. ต้องไม่ดำรงตำแหน่งข้าราชการ ณ วันที่สมัคร,59G9i7h4GZtz0ScSAn0C,
JepMcNblrAVmITXa0ed8,FLuzAE5dm4qazOoE4QaF,เห็นด้วย,ต้องมีการเพิ่มการตื่นตัวของประชาชนผ่านเทคโนโลยีต่าง ๆ,peEZ4F0cByDfdVv4Mh5R,
JsG8F4SykNkCABwstwCy,FLuzAE5dm4qazOoE4QaF,เห็นด้วย,รัฐธรรมนูญไม่ใช่เรื่องที่เปลี่ยนแปลงแก้ไขแล้วจบ แต่เป็นเรื่องที่ต้องถกเถียงกันตลอดเวลาเพื่อให้สอดคล้องกับกระแสสังคมตลอดเวลา,UiPSbzGwIdu94dj1WKN4,
JztE60SMxgakOPFsX1Rd,FLuzAE5dm4qazOoE4QaF,ไม่เห็นด้วย,ต้องไม่มีข้อจำกัดเรื่องวุฒิ ส่วนผู้เชี่ยวชาญในประเด็นนั้น ๆ ให้ตั้งเป็นชุดที่ปรึกษาแทน,8vddQeCXJp9iuCwsqe7l,
KCzbUKAUrTu6KoETWFWz,Ri7THJYVq8VeyDjrJZS8,เห็นด้วย,ต้องสร้างความเป็นธรรมให้กับอาชีพทุกอาชีพ,7Wc7kBwm6cM0c2MxyCTL,
KVMwQvX62cPeMwOzEien,FLuzAE5dm4qazOoE4QaF,ไม่เห็นด้วย,ถ้ามีตัวแทนการพรรคการเมืองเยอะเกินไปจะทำให้อำนาจไม่เท่ากัน,4CGZkWkBlX9VNSkBJEGI,
KWQTMiEzsjWMpuBlLJ1x,FLuzAE5dm4qazOoE4QaF,เห็นด้วย,และต้องเป็นการเลือกตั้งทางตรง ไม่ใช่ทางอ้อม,nrEaDmep95iroWpISISA,
KjVLhscjMQSwlfVrd0P5,FLuzAE5dm4qazOoE4QaF,เห็นด้วยบางส่วน,ควรมีระบบ screening ในประเด็น โดยไม่กีดกันความแตกต่างทางการเมือง และเปิดโอกาสให้กลุ่มอาชีพอื่น ไม่จำกัดแค่กลุ่มข้าราชการบำนาญ,2rIAoKtf0uRsbMDTZ6kE,
KmhlvqHiJVOw5CjIduh0,FLuzAE5dm4qazOoE4QaF,เห็นด้วยบางส่วน,ต้องมีการสร้างหลักประกันว่าจะมีการตรวจสอบคุณสมบัติของสสร. จริง ๆ,w1UaINJpdc3KsocCvWSD,
LEbchOUMMPbiFoHEd4XI,FLuzAE5dm4qazOoE4QaF,เห็นด้วยบางส่วน,สสร.ต้องมีที่มาหลากหลาย และมาจากการเลือกตั้ง,2rIAoKtf0uRsbMDTZ6kE,
LTYV4a45XflW03hDdzGE,FLuzAE5dm4qazOoE4QaF,เห็นด้วย,คล้ายกับปี 40 ที่มีตัวแทนแต่ละจังหวัด,Qq1TpRiXFWMxooMqijVt,
LhAqj9dgnIygv58wlLag,FLuzAE5dm4qazOoE4QaF,ไม่เห็นด้วย,สสร. จากกลุ่มอาชีพไม่ค่อยสะท้อนเสียงคนส่วนใหญ่ สะท้อนเฉพาะรายมาตราในเนื้อหาของรัฐธรรมนูญที่เกี่ยวข้องกับตัวเอง,ENbNmkn2KZh24qMQ3APu,
LslV6kyihkPgJqbQ6gRf,vXyzxEkaeEFoAcKQEeia,เห็นด้วย,ต้องการสิทธิเริ่มต้นชีวิตใหม่หลังออกจากเรือนจำ พร้อมกับมีทุนในการสนับสนุนอาชีพ,BT8x8rmFStJjIMvPB10J,
LzcPgz8M3qVzN79qn7xM,FLuzAE5dm4qazOoE4QaF,เห็นด้วยบางส่วน,ถ้ารีบ ก็อาจจะดูเป็นรัฐธรรมนูญแบบ Top-down แบบหลายๆ ฉบับที่ผ่านมา แต่ก็ต้องไม่นานจนเกินไป ควรไปในทิศทางที่ทำให้แก้ไขได้ง่ายมากกว่า,gVOKNIr5SqGSYt4UQGwz,
MBF5RAQwmk3mcVQUmmlp,FLuzAE5dm4qazOoE4QaF,เห็นด้วยบางส่วน,ไม่จำกัดคุณสมบัติผู้สมัครด้วยกลุ่มอาชีพ,cwMYFZkBcDAT64xVGPYi,
MIEr8cwcKwhUDoAHp3i3,FLuzAE5dm4qazOoE4QaF,เห็นด้วย,เพิ่มความรู้สึกเป็นเจ้าของรัฐธรรมนูญ,F7usd2BUTX3k0p2kDtwI,
MS8k4Rt7qHnJc3MhX5xy,FLuzAE5dm4qazOoE4QaF,เห็นด้วย,ต้องปรับการสื่อสารให้เหมาะกับช่วงวัย ไม่ว่าจะเป็นช่องทางและความเข้มข้นของเนื้อหา,peEZ4F0cByDfdVv4Mh5R,
Mb2HIQw7XxHfHP6RVjPM,zDLn38DfCkx1JTQfW7bl,ไม่เห็นด้วย,"รัฐธรรมนูญควรมีความเป็นสถาบันและคงทนถาวร มีความมั่นคง
ไม่เปลี่ยนแปลงง่ายตามกระแสอำนาจ และได้รับการยอมรับอย่างสูง",IjZMXmGBxDDaJKh5DyOZ,
MnGnPz1Q7ATdW5NqVB51,FLuzAE5dm4qazOoE4QaF,เห็นด้วยบางส่วน,อาจจะใช้เรื่องโควต้า แต่ต้องใช้เสียงข้างมากของสภา และใช้เสียงการันตีของฝ่ายค้าน,5rWaEjqgvDdjO8xjUyME,
MvY9L0lOEmwKJu77rYTh,FLuzAE5dm4qazOoE4QaF,ไม่เห็นด้วย,การแบ่งเป็นภาค ยากต่อการกำหนดพื้นที่รับผิดชอบ,U3yJP2gjVAZV5h2JzNxY,zxhpNMPKlP69hrkoRI3q
N3ZAo41MII3v4SEyfsF4,FLuzAE5dm4qazOoE4QaF,ไม่เห็นด้วย,เพิ่มสัดส่วนของประชาชนให้มากขึ้น,hHM0HVjqwKVeG9AWTAZF,
N4TIAwyAa8T38xmUl6K3,ah0Io8qTy2I6RjsTHTeS,เห็นด้วย,สิทธิในการลบประวัติ จะช่วยให้สามารถไปต่อยอดทำอาชีพอื่นได้,BT8x8rmFStJjIMvPB10J,q1FfU02VjBxgKUOBpaHC
NNUbUvzSwLOtgjeWiT1d,FLuzAE5dm4qazOoE4QaF,เห็นด้วย,ต้องให้ความสำคัญกับความหลากหลายและครอบคลุม,lY0oZzdYo9y3zFhhYnmy,
NTg6Wy6jhTqZk6n39h3A,Ri7THJYVq8VeyDjrJZS8,เห็นด้วย,ร่วมถึงด้านการมีส่วนร่วมของประชาชนกับพรรคการเมือง สถาบันการเมือง องค์กรอิสระ,yaBWRUKJeB6kxCpL8yQM,
NThZjFljPRyR8uB9YgXX,FLuzAE5dm4qazOoE4QaF,เห็นด้วยบางส่วน,ไม่จำเป็นต้องกีดกันตัวแทนจากพรรคการเมืองเพราะว่าก็เป็นตัวแทนเสียงของประชาชน,4CGZkWkBlX9VNSkBJEGI,
NjJ8wYzsnBui840OmYMx,zDLn38DfCkx1JTQfW7bl,เห็นด้วย,รัฐธรรมนูญจะต้องเปิดโอกาสให้ประชาชนทั่วไปสามารถแสดงความคิดเห็นต่อเรื่องต่าง ๆ ได้ และเสียงของประชาชนไปถึงผู้มีอำนาจจจริง ๆ,ee9QQZxV5iESX66emeXE,
O8m4zWzvQymh6gx5pThh,ZeztgNNzU3DbAZNdVQbt,เห็นด้วย,ควรมีการจัดสรรเงินคนชรา ที่เพียงพอต่อการดำรงชีวิตและการส่งเสริมอาชีพคนวัยเกษียณ,ri7VMl85rYWRQ5NzpcgE,
OFeny66pOeytUPhX20SU,FLuzAE5dm4qazOoE4QaF,เห็นด้วย,ทำให้ประชาชนเห็นว่าการเปลี่ยนรัฐธรรมนูญจะทำให้ประชาชนได้ประโยชน์อะไร,peEZ4F0cByDfdVv4Mh5R,JepMcNblrAVmITXa0ed8
OnrQqs4Ue6R9rjY9fuDR,FLuzAE5dm4qazOoE4QaF,เห็นด้วย,อาจจะเปิดเวลาตามประเด็นๆ ไป เพื่อให้เวลาได้ทำความเข้าใจ ค่อยๆ หารือ กลับไปคิด แล้วมาคุยกันเรื่อยๆ อาจจำให้สื่อเป็นผู้นำร่องสิ่งนี้,gVOKNIr5SqGSYt4UQGwz,
Op0vb5WdQ9U11lyAj3iq,FLuzAE5dm4qazOoE4QaF,เห็นด้วย,ออกแบบโครงสร้างละเอียด เห็นถึงคนทุกกลุ่มของคนในสังคม,nrEaDmep95iroWpISISA,
P9Y9qW5kWOJyxwn8pT4D,FLuzAE5dm4qazOoE4QaF,เห็นด้วยบางส่วน,ควรมีการเสนอชื่อหรือคัดเลือกกันเองในกลุ่มอาชีพนั้น ๆ เพื่อตรวจสอบว่าเป็นผู้เชี่ยวชาญจริงไหม,ntBJAaqOZ6CVfzvCIdlt,
PabNzylki3Bawjhq7M1s,FLuzAE5dm4qazOoE4QaF,เห็นด้วย,การพูดคุยการร่างรัฐธรรมนูญต้องพูดได้ทุกเรื่อง ไม่ถูก censor,UiN8egrbml9767vx9jT5,
Pcee6ZfJjbBVcp2SHEbz,FLuzAE5dm4qazOoE4QaF,ไม่เห็นด้วย,นอกจากความเป็นสมาชิกพรรคการเมือง ผู้สมัครก็ยังถูกควบคุมได้อยู่ดี,30iUR5Bs1u2g842KdF3y,weOxKzgOdsLZJOluVk6b
PlAPthSwtJQYG0enNX54,FLuzAE5dm4qazOoE4QaF,ไม่เห็นด้วย,ไม่ควรให้อำนาจตรงนี้กับองค์กรที่มีอายุขัย และต้องมีการยุบในอนาคตอย่าง สสร.,qylb4vJtU5AGTjqa3Otw,
Q00pb9ZZV2awbV1RcY7D,FLuzAE5dm4qazOoE4QaF,เห็นด้วย,สสร. ต้องไม่รับเงินสองทาง หรือมีงานประจำอยู่แล้ว,59G9i7h4GZtz0ScSAn0C,
Q2bdXhEYDc7KYK3MELj3,AkUH6sty9Lv2WuTTXRD9,เห็นด้วย,เพราะถ้าพ้นโทษแล้วกลับไปบ้านเกิดต่างจังหวัด ทางเลือกอาชีพก็น้อยกว่า และบ้างต้องมีทรัพยากรเพื่อประกอบอาชีพ เช่น ทำอาหาร งานซ่อมแซม,BT8x8rmFStJjIMvPB10J,p2RlM13RndVsKQjizGo4
QCmIRGxfwBoDihZ3G5r5,FLuzAE5dm4qazOoE4QaF,ไม่เห็นด้วย,สสร. ควรมี 100 คน โดยเป็น 77 คน เป็นตัวแทนแต่ละจังหวัด และ 23 คนเป็นตัวแทนรายประเด็น โดยต้องกำหนดกลุ่มให้ชัด,2rIAoKtf0uRsbMDTZ6kE,
QHYlQksi0G50fp9n3N1x,FLuzAE5dm4qazOoE4QaF,ไม่เห็นด้วย,วุฒิการศึกษาไม่ควรเป็นเกฑณ์เพราะประเทศไทยมีความเหลื่อมล้ำในการเข้าถึงการศึกษา,8vddQeCXJp9iuCwsqe7l,
QVXDXCJUPWOXDMmtRMDn,FLuzAE5dm4qazOoE4QaF,เห็นด้วย,คนที่จะรับภารกิจนี้ = รัฐสภา ร่วมกันหาคนอื่นมาสร้าง ad-hoc body นี้,UiPSbzGwIdu94dj1WKN4,
QjRT0i05QqCp3CKGjFfD,FLuzAE5dm4qazOoE4QaF,เห็นด้วย,อย่างน้อยควรให้เวลา 4-5 เดือนเพื่อให้คนเราได้ทำความเข้าใจ และเริ่มสบายใจ จนอยากเข้ามามีส่วนร่วม,gVOKNIr5SqGSYt4UQGwz,
Qr3MuOMSchT2CQB99YGD,FLuzAE5dm4qazOoE4QaF,เห็นด้วย,ทำให้รัฐธรรมนูญมีกลไกการป้องกันฉบับชาวบ้าน,F7usd2BUTX3k0p2kDtwI,
QyXqSEiG0BQ9chvBakdd,FLuzAE5dm4qazOoE4QaF,เห็นด้วย,ยิ่งประชาชนมีปม ได้เรียนรู้อะไรมากขึ้น ก็ต้องมีความเห็นทางการเมือง,VWv2kzIsYMLNk5oxEMFe,zO83T3z4pdGQq1WZFwum
R2p5gYsB9E61w85SEfU7,FLuzAE5dm4qazOoE4QaF,เห็นด้วยบางส่วน,ควรเป็นสมาชิกพรรคการเมือง แต่ไม่ให้ลงสมัครในนามพรรคการเมือง,30iUR5Bs1u2g842KdF3y,
R8l9y8aOHqhaPJBqru70,FLuzAE5dm4qazOoE4QaF,เห็นด้วยบางส่วน,ควรกำหนด blueprint การทำงานของผู้เชี่ยวชาญ: สสร เป็นคนกำหนดวิธีการทำงานลงมาให้ผู้เชี่ยวชาญ ไม่ใช่ผู้เชี่ยวชาญกำหนดเอง,ntBJAaqOZ6CVfzvCIdlt,Dxx97EmKFLXfJRoEzH06
RDAVFwgL6Cg3h5mLQTc5,FLuzAE5dm4qazOoE4QaF,เห็นด้วยบางส่วน,ควรเป็นคดีที่มีโทษหนัก,w1UaINJpdc3KsocCvWSD,pvgzXQmEqXcLkAu72Asi
RcfIXuAn7S8HfpVkm9cA,FLuzAE5dm4qazOoE4QaF,เห็นด้วยบางส่วน,ห้ามเฉพาะผู้ที่มีส่วนได้ส่วนเสียกับพรรคการเมือง,30iUR5Bs1u2g842KdF3y,weOxKzgOdsLZJOluVk6b
Rf5OPFcC50EpoV75N2ut,FLuzAE5dm4qazOoE4QaF,เห็นด้วยบางส่วน,ควรกีดกันคนที่ทำให้รัฐธรรมนูญเสื่อมโทรม เช่น เคยมีอำนาจที่ทำการรัฐประหาร,VWv2kzIsYMLNk5oxEMFe,iEQebMJL5nW2f4IVdjos
RnA7UqY8e6f4ji1UmT5i,FLuzAE5dm4qazOoE4QaF,เห็นด้วยบางส่วน,อย่าลืมว่าประเทศไทยกำลังเข้าสู่สังคมผู้สุงอายุ,pegZwJVtwSuC87fEl0UZ,AVpCYLaFrwVgjPwVTBkT
RqDOpEgJyIjdVjdT5q0Z,FLuzAE5dm4qazOoE4QaF,เห็นด้วย,การตั้งวงคุย อาจทำให้รู้สึกเครียดเกินไป อยากได้อะไรเบาๆ แบบหมีเนย หรือหมูเด้งบ้าง จะนำมาเล่าเรื่องรัฐธรรมนูญอย่างไร,qq5SykirmTIWsbbBDARc,1wVZ9dJdghCbiibyjjhT
RupYxAPrWvDpzIZCg6Mq,FLuzAE5dm4qazOoE4QaF,เห็นด้วยบางส่วน,สสร.ไม่ควรยึดโยงกับพรรคการเมืองหรือกลุ่มการเมืองอื่นๆ เช่น สว.,30iUR5Bs1u2g842KdF3y,weOxKzgOdsLZJOluVk6b
S7XYh1EvyK0T5VyDZh30,FLuzAE5dm4qazOoE4QaF,เห็นด้วย,ไม่งั้นเหมือนเราไปคิด content เอง,JrrSMrVIPnXKGeNiUZIJ,
SDU8DpOs19aPKnqNe4Wd,FLuzAE5dm4qazOoE4QaF,เห็นด้วยบางส่วน,ควรออกแบบกลไกไม่ให้เห็นการเสนอจากพรรคการเมืองแบบโจ่งแจ้ง เพราะจะเป็นการสร้างความขัดแย้งทางความเห็น/สนามการเมือง,30iUR5Bs1u2g842KdF3y,weOxKzgOdsLZJOluVk6b
SE7yeHN4v2NmRIFtmmwC,FLuzAE5dm4qazOoE4QaF,เห็นด้วยบางส่วน,เป็นคณะกรรมการอิสระที่ถูกจัดตั้งมาเพื่อตรวจสอบถ่วงดุล (ไม่ใช่องค์กรอิสระตามรัฐธรรมนูญ),mb426CKotDswSd9rgWPp,
SKejCuJpsQZcVKoppCey,FLuzAE5dm4qazOoE4QaF,เห็นด้วย,รัฐชอบดึงเวลาในกระบวนการจัดทำร่างรธน.,cOJcvxwPzm0iZ4cHngFC,
SMTJdgFpItKJda30zqTW,FLuzAE5dm4qazOoE4QaF,เห็นด้วยบางส่วน,เห็นด้วยว่าควรกำหนดหมวดพื้นฐาน แต่อยากให้กำหนดแบบกว้าง เผื่อรองรับความหลากหลาย/ความเปลี่ยนแปลงในอนาคต,hFlaIDjyVSQM95hpLX5l,
ScB9aRI1CQp2i9KySBWV,FLuzAE5dm4qazOoE4QaF,เห็นด้วยบางส่วน,ถ้าไม่ใช้เรื่องวุฒิการศึกษา อาจจะใช้เรื่องความเชี่ยวชาญเฉพาะด้าน เช่น ด้านกฎหมาย รัฐศาสตร์,w1UaINJpdc3KsocCvWSD,TNUxwghVznFGC9JfMygK
SqM8JVfiHrAF5ql45vgB,FLuzAE5dm4qazOoE4QaF,ไม่เห็นด้วย,แต่ถ้ามีคนที่เคยเข้าร่วมการชุมนุมต่าง ๆ จะวัดยังไงเพราะว่ามันวัดอยาก,w1UaINJpdc3KsocCvWSD,
Sqw7mfOSgTzpewo0VCf4,ah0Io8qTy2I6RjsTHTeS,เห็นด้วย,ปัจจุบันมีศูนย์ฝึกงานสำหรับคนเพิ่งพ้นโทษ และอยากให้มีทุนด้วย ปัจจุบันมีกฎเกณฑ์ทำให้ได้ทุนยาก,BT8x8rmFStJjIMvPB10J,p2RlM13RndVsKQjizGo4
SsLAmnJaacl6C9CL2hvF,FLuzAE5dm4qazOoE4QaF,ไม่เห็นด้วย,อยากให้ออกจากงานหลังจากได้ตำแหน่งทางการเมืองแล้ว,oRaHQAaxlJ5gKS85cssh,
StAYxPnCcXElBOycaPa9,FLuzAE5dm4qazOoE4QaF,เห็นด้วย,สสร. ต้องมีความหลากหลายอุดมการณ์ทางการเมือง,4CGZkWkBlX9VNSkBJEGI,
SuMedAJCbTam0cJAcbGh,FLuzAE5dm4qazOoE4QaF,ไม่เห็นด้วย,สสร. ต้องหลากหลาย อาจสามารถกำหนดสัดส่วนจำนวน สสร.จากขนาดพื้นที่-ประชากร เพื่อช่วยกันขับเคลื่อน,2rIAoKtf0uRsbMDTZ6kE,
Sv6ym1ufh5xZ1UYirLkN,FLuzAE5dm4qazOoE4QaF,เห็นด้วยบางส่วน,ไม่จำเป็นต้องกำหนดเป็นเงื่อนไขหลัก แต่ให้มีการอบรมคณะ สสร. ในประเด็นเรื่องการรับฟังและสื่อสาร,Pl9XOn5DOwkr51BNH2hh,v0DKxzdJjtjNM6DW9VYG
T0WM5oQdCMTqlhPUJxD6,FLuzAE5dm4qazOoE4QaF,เห็นด้วยบางส่วน,สสร.มีอำนาจน้อยกว่า สว. จะมีแรงจูงใจให้คนอยากมาเป็น สสร.หรือไม่?,EjCnAXDaaJuBQLhHI42W,
TKV3Z9Aeiv7y2r3pbmzg,FLuzAE5dm4qazOoE4QaF,เห็นด้วย,ไม่เห็นด้วยเรื่องการให้เป็นตัวแทนจังหวัด,i7nD4nBuvDJmmwAAfNuk,
TNUxwghVznFGC9JfMygK,FLuzAE5dm4qazOoE4QaF,เห็นด้วย,สสร. ต้องมีประกาศคุณสมบัติของตัวเอง เช่น เรื่องความเชี่ยวชาญ,w1UaINJpdc3KsocCvWSD,
TQn1JYhGOKm1k7BvTI0E,FLuzAE5dm4qazOoE4QaF,ไม่เห็นด้วย,ภาครัฐต้องเข้ามามีส่วนร่วมเพื่อส่งเสริมการมีส่วนร่วมของภาคประชาสังคมและประชาชนอีกที,YIHBlCG4V2ebaFyOH4bZ,
TU971N2nFiKCe9UEisxc,HTmIYhVrz22i3PjxdS0h,เห็นด้วย,สามารถสิทธิบัตรประชาชน เพื่อเข้ารักษาพยาบาลได้ในทุกพื้นที่,ri7VMl85rYWRQ5NzpcgE,
TVOxnZQTpM68ARbXaKPZ,FLuzAE5dm4qazOoE4QaF,เห็นด้วยบางส่วน,เห็นด้วยว่าเป็นตัวแทนพรรคได้ แต่ก็ต้องกำหนดสัดส่วนให้ชัดเจน ไม่ได้ take over สสร. ทั้งหมด,30iUR5Bs1u2g842KdF3y,
TxUjqxhs0xmmRyIfrrCX,FLuzAE5dm4qazOoE4QaF,เห็นด้วย,ควรทุ่มงบประมาณการจัดทำ สสร. ให้ดี ทั้งสื่อสารและทำกิจกรรม ไม่ต้องประหยัด ถ้าทำอันนี้ได้ดีจะได้ไม่ต้องร่างรัฐธรรมนูญอีก,peEZ4F0cByDfdVv4Mh5R,
U5OAXz6kM6z7QgmPqXPZ,FLuzAE5dm4qazOoE4QaF,เห็นด้วย,จะเป็นตัวแทนประชาชนแล้ว ไม่จำเป็นต้องเป็นสมาชิกพรรคการเมือง,30iUR5Bs1u2g842KdF3y,weOxKzgOdsLZJOluVk6b
UBaFWSGzLDuv7iPkykVg,FLuzAE5dm4qazOoE4QaF,ไม่เห็นด้วย,ไม่ควร เพราะจะไม่ต่างกับการให้ สส.ร่างรัฐธรรมนูญ,30iUR5Bs1u2g842KdF3y,
USqtDvMg9FWMZGSJJZ0t,ah0Io8qTy2I6RjsTHTeS,เห็นด้วย,ผู้ต้องขังควรมีสิทธิในการเรียน สิทธิในการฝึกอาชีพในเรือนจำมากขึ้น,BT8x8rmFStJjIMvPB10J,p2RlM13RndVsKQjizGo4
UbpXVfjoVEHVSTZzjAN8,FLuzAE5dm4qazOoE4QaF,ไม่เห็นด้วย,ผู้สมัคร สสร. สามารถมีสถานะเป็นสมาชิกพรรคการเมืองได้ เว้นแต่กรณีที่มีตำแหน่งในพรรค,30iUR5Bs1u2g842KdF3y,weOxKzgOdsLZJOluVk6b
UcxHvSdUTdYgsAZWOnW2,FLuzAE5dm4qazOoE4QaF,เห็นด้วยบางส่วน,สสร จากพรรคการเมือง ไม่ผิด แต่ควร declare อย่างชัดเจนว่าผู้สมัครมีจุดยืนทางการเมือง/จุดยืนเรื่องการแก้ รธน อย่างไร,30iUR5Bs1u2g842KdF3y,
UrITx89xq7xJ1ZZ2f3jT,FLuzAE5dm4qazOoE4QaF,ไม่เห็นด้วย,สสร. ไม่ควรมาจากสัดส่วนอาชีพ เพราะคำนวณยาก ตั้งเงื่อนไขยาก,ENbNmkn2KZh24qMQ3APu,
UvYy62b8PctEVnkaRQjh,FLuzAE5dm4qazOoE4QaF,เห็นด้วย,ความเป็นอิสระไม่มีจริง สมาชิกพรรคการเมือง (ที่ไม่ใช่ผู้บริหาร) สามารถสมัคร สสร.ได้,30iUR5Bs1u2g842KdF3y,
VMwChTyDHh12nVRrrlUx,FLuzAE5dm4qazOoE4QaF,เห็นด้วย,เจตนารมณ์ของรัฐธรรมนูญต้องเข้าถึงประชาชนทุกกลุ่มคน,nrEaDmep95iroWpISISA,
VsgZQR2XlyhRsLwx8F63,FLuzAE5dm4qazOoE4QaF,เห็นด้วยบางส่วน,ไม่ตัดสิทธิการมีส่วนร่วมทางการเมืองขั้นพื้นฐาน (สมาชิกพรรค) แต่มีเงื่อนไขว่าต้องไม่เป็นกรรมการบริหาร หรือผู้ลงสมัคร,30iUR5Bs1u2g842KdF3y,
VxhmexUrBqPfmwTJqrEQ,FLuzAE5dm4qazOoE4QaF,เห็นด้วยบางส่วน,พรรคการเมืองมีส่วนร่วมได้ แต่ไม่เห็นด้วยว่า สสร จะมาจากพรรคการเมือง 100% เพื่อไม่ให้กีดกันใคร,30iUR5Bs1u2g842KdF3y,
WWcO6Z0WE6hphY7O3X4V,FLuzAE5dm4qazOoE4QaF,เห็นด้วย,เพิ่มการรับรู้ข้อมูลข่าวสารที่มากขึ้นของประชาชนในทุกกลุ่มคน,C88gOdn5c8qXMV5MJ2h0,
WigFeINPQAdjkdmIJUgM,vXyzxEkaeEFoAcKQEeia,เห็นด้วย,ต้องการสิทธิที่จะลบประวัติ เพราะการมีประวัติต้องโทษทำให้หางานยาก หรือ (หากลบประวัติไม่ได้) แค่สังคมยอมรับก็โอเคแล้ว,BT8x8rmFStJjIMvPB10J,q1FfU02VjBxgKUOBpaHC
WmjwKFwAQsCTsZgkPFRS,FLuzAE5dm4qazOoE4QaF,เห็นด้วย,ทำให้กระบวนการเลือกคนที่เป็น สสร. โปร่งใส เช่น มีการเปิดเผยการ record,C88gOdn5c8qXMV5MJ2h0,
X6Cz8EUgn2XxGQf4VoG6,FLuzAE5dm4qazOoE4QaF,เห็นด้วย,ทำในรูปแบบที่สามารถเอาวิเคราะห์ไปต่อได้,C88gOdn5c8qXMV5MJ2h0,k9gAMnvzAt23SUX6W8MC
X8b2swMUl8vtVmRTQ6Gb,FLuzAE5dm4qazOoE4QaF,เห็นด้วย,เพราะเดี๋ยวนี้มีคนที่ใช้สื่ออยู่แล้ว,UAUwl0DaojqWo5PD1hl8,
XMUkZzMJtmK9idyNh0Ty,ZeztgNNzU3DbAZNdVQbt,เห็นด้วย,ประเทศไทยควรมีกฎหมายรองรับการหักภาษีเพื่อเป็นเงินบำนาญเมื่อเกษียณ ช่วยให้มีรายได้หลังวัยทำงานอย่างพอเพียง โดยหักจากรายได้ราว 30–40%,ri7VMl85rYWRQ5NzpcgE,
XSziO7hEAg0qaUpN9uVs,FLuzAE5dm4qazOoE4QaF,ไม่เห็นด้วย,ไม่ควรฝากความหวังใว้กับนักการเมือง (อิงจากการเลือกตั้งครั้งล่าสุด),bpWnfM1sudt4FMI0wS9t,
Y9M4SuJuxgN1QKwwHCpo,FLuzAE5dm4qazOoE4QaF,เห็นด้วย,ทำให้ไม่มีอำนาจ แต่ให้มีแต่หน้าที่ แค่เห็นแล้วก็ปวดหัว ต้องเป็นคนที่มีจิตอาสาจริงๆ,wXQy4GNSAVByO1QwIw31,
YAMtsoHBhgED0XHzRW3y,FLuzAE5dm4qazOoE4QaF,ไม่เห็นด้วย,เป็นจังหวัดดีกว่า เพราะได้เห็นหน้าชัดว่าใครเป็นคนรับผิดชอบ และเห็นปัญหาในพื้นที่ได้ชัดเจนกว่า,U3yJP2gjVAZV5h2JzNxY,zxhpNMPKlP69hrkoRI3q
Yr6AuSwFh5kFxa0SrzYe,zDLn38DfCkx1JTQfW7bl,เห็นด้วย,เพื่อที่จะบรรลุถึงเป้าหมายดังกล่าวจำเป็นต้องมีการจัดวางอุดมการณ์ในทางการเมืองขั้นพื้นฐานที่จะเป็นกรอบกำกับคุณลักษณะความเป็นพลเมืองเสียก่อน,aOI4WyDnNVXUtAzVqZsS,
Z2Eq8i2xYT6I1Y5Gr6nd,FLuzAE5dm4qazOoE4QaF,ไม่เห็นด้วย,สสร. ควรเป็นคนร่างรธน.,Qq1TpRiXFWMxooMqijVt,
ZIAtMjNDnwdzGW11eFcW,FLuzAE5dm4qazOoE4QaF,เห็นด้วย,ถือเป็นการยกระดับปัญญาของสังคมผ่านการยกร่าง รธน.,gVOKNIr5SqGSYt4UQGwz,
ZUhx7YBDXYbcZlF3bLuc,FLuzAE5dm4qazOoE4QaF,เห็นด้วย,ออกเป็นกฎหมายรับรองเลยว่า ความเห็นของประชาชน สามารถพูดได้เต็มที่,UiPSbzGwIdu94dj1WKN4,
ZXU1UGy83AIXLb9xjOwX,FLuzAE5dm4qazOoE4QaF,เห็นด้วย,ทำยังไงก็ไม่มีทางครอบคลุมทุกกลุ่มอาชีพได้,hFlaIDjyVSQM95hpLX5l,uvHrmUCDcrAzSHCWQySG
Ze0JXvRgBceufFI3eYuf,FLuzAE5dm4qazOoE4QaF,เห็นด้วย,กลุ่มที่สมัครเป็น ผู้แทน อาจมีพิมพ์เขียวนโยบาย เพื่อความชัดเจน,AaA3IdPpPRmGriTmLm26,
a8KDaLGgZksqXy6Um2iS,FLuzAE5dm4qazOoE4QaF,ไม่เห็นด้วย,ถ้ารัฐธรรมนูญจะถูกแก้ ให้ประชาชนเลือกตั้งสสร.ใหม่,Zm98HOrjLwwudUq56iax,
aDcPff9a4UstiqWy4eAn,FLuzAE5dm4qazOoE4QaF,ไม่เห็นด้วย,อยากให้เห็นว่าสำคัญและเห็นผลเร็วๆ ถ้ายืดเยื้อก็อาจจะทำให้หมดโมเมนตัมไป,gVOKNIr5SqGSYt4UQGwz,
aH8s5fmuLdJZxs9EOEkR,FLuzAE5dm4qazOoE4QaF,เห็นด้วย,Party List ต้องมีคนมากพอที่จะกระจายไปตามพื้นที่แต่ละจังหวัดได้,tB7DEtiqE3Wvd4N16LQd,sYlguleSdRLFKo93gC25
aJQrakqi9y9q8ZEmzV3T,FLuzAE5dm4qazOoE4QaF,เห็นด้วยบางส่วน,เห็นด้วยว่า สสร. ควรมีสัญชาติไทย แต่คิดว่าก็ควรให้แรงงานข้ามชาติมีส่วนร่วมได้ เพราะเขาก็อาศัยอยู่ในประเทศ,w1UaINJpdc3KsocCvWSD,b2mniKFeK904j6xBSgJh
aMuG3QOfgpVh9wZkQiVe,FLuzAE5dm4qazOoE4QaF,เห็นด้วย,ความหลากหลายเชิงพื้นที่,4CGZkWkBlX9VNSkBJEGI,
aS7p5sLvzwdxpAKkaRVA,FLuzAE5dm4qazOoE4QaF,ไม่เห็นด้วย,ไม่อยากให้สสร.มีอำนาจต่อ กลัวจะกลายเป็นอำนาจใหม่,Zm98HOrjLwwudUq56iax,
aYRvizTHSV0bYYuTLyy7,FLuzAE5dm4qazOoE4QaF,ไม่เห็นด้วย,กลุ่มคนที่ยังไม่มีสัญชาติไทย ถือบัตรประชาชนเลข 0 เช่น กลุ่มชาติพันธ์ุ ควรมีสิทธิสมัครได้,w1UaINJpdc3KsocCvWSD,b2mniKFeK904j6xBSgJh
aaF1A7cA2OOPKezZbLmf,FLuzAE5dm4qazOoE4QaF,เห็นด้วย,ไม่จำเป็นต้องเป็นกลางทางการเมือง แต่ต้องไม่ขัดกับประชาธิปไตย เพราะการเป็นกลางพิสูจน์ยาก,w1UaINJpdc3KsocCvWSD,sEhp2J7dhvfMdLka8Sns
aybMdZmJC3A7dpF5uWs7,FLuzAE5dm4qazOoE4QaF,เห็นด้วย,political landscape สำคัญกว่า,PPDctBeP0CJft1MFeAC8,
b2mniKFeK904j6xBSgJh,FLuzAE5dm4qazOoE4QaF,เห็นด้วย,สสร. จำเป็นต้องมีสัญชาติไทย เพราะเป็นการออกแบบกติกาของประชาชนชาวไทย,w1UaINJpdc3KsocCvWSD,
b5NrOICXAlz1LwH8cxEc,FLuzAE5dm4qazOoE4QaF,ไม่เห็นด้วย,เลือกตั้ง 100% ไม่สามารถ represent ทุกกลุ่มอาชีพ,wnWqZuCRhIESkI8KhmhZ,
b93hzLTwzhU2HP5RQqr4,FLuzAE5dm4qazOoE4QaF,เห็นด้วยบางส่วน,ยังไม่ค่อยเห็นด้วยกับการกำหนดสัดส่วน เพราะเป็น politics,lY0oZzdYo9y3zFhhYnmy,
bBN1wiCRY7zb1gCtdjJm,FLuzAE5dm4qazOoE4QaF,เห็นด้วย,ควรมีคุณสมบัติที่เปิดกว้าง และมีอุดมการณ์ที่ชัดเจนว่าไม่ได้สนับสนุนรัฐประหาร,SVBo1xoP6wqVOYRaY51q,
bHFtpgqwCuOxJS0CAJws,FLuzAE5dm4qazOoE4QaF,เห็นด้วย,ต้องมาจากกระบวนการสรรหาที่โปร่งใส,i7nD4nBuvDJmmwAAfNuk,hSMmICGvQ48Gg1RdvsZE
bWRjIZZGV3aZFQyJyp5t,FLuzAE5dm4qazOoE4QaF,เห็นด้วย,ควรมีการกำหนดคุณสมบัติ เช่น คนที่เคยมีส่วนร่วมในการรัฐประหาร ไม่ให้สมัคร,mMeEpUAziHDhG50zT935,
bjLbbbz8NiSpr6oZy8xQ,FLuzAE5dm4qazOoE4QaF,เห็นด้วย,concern ว่าซ้ำซ้อนกับ สสเขต: สสรมีสังกัดที่หลากหลาย และอิสระมากกว่า สสรตามเขตพื้นที่น่าจะ represent ปัญหาต่าง ๆ ได้ดีกว่า,2rIAoKtf0uRsbMDTZ6kE,65HbF76CoG7Fg9Qa1QQr
bo4yqBKzO9Krv5ZrkrVt,FLuzAE5dm4qazOoE4QaF,เห็นด้วย,ควรกำหนดให้หน้าที่ของ สสร. คือการทำให้ประชาชนมองเห็นว่าอำนาจอยู่ที่เขา,wXQy4GNSAVByO1QwIw31,
bp6pVunRjYAkmJpPWrN7,XtVckzGBhhXrczpk2wBW,เห็นด้วย,ส่วนตัวอยากออกไปเป้นนักข่าวอีกครั้ง แต่ถ้ามีประวัติด้านคดีจะไม่สามารถทำบัตรนักข่าวได้ จึงต้องการสิทธิการลบประวัติ,BT8x8rmFStJjIMvPB10J,
cDrfaKp9bGKCyzw0jBeW,FLuzAE5dm4qazOoE4QaF,เห็นด้วย,ควรให้ภาคประชาสังคมมาตรวจสอบด้วย,UAUwl0DaojqWo5PD1hl8,9GW2UlwkVhabELr942Oy
cbyQk5FWYsvx2SaQWy8h,FLuzAE5dm4qazOoE4QaF,เห็นด้วย,สสร. ควรพิจารณากฎหมายเก่าที่บกพร่องมาพิจารณาใหม่ เช่น มาตรา 77,UiPSbzGwIdu94dj1WKN4,
cidObqDBUAO72iFeNmgF,FLuzAE5dm4qazOoE4QaF,เห็นด้วยบางส่วน,ต้องมีการออกแบบว่ากระบวนการเลือกคนเข้าไปใช้หลักการอะไร,4CGZkWkBlX9VNSkBJEGI,
cz10EvoexTSz0P6rSvdY,FLuzAE5dm4qazOoE4QaF,เห็นด้วย,ควรมีการรณรงค์หาเสียงทั้งการเลือกตั้งและแบ่งเขตเพื่อให้เห็นประเด็น,tB7DEtiqE3Wvd4N16LQd,sYlguleSdRLFKo93gC25
d96m7Pok1pYdasZBMqo5,FLuzAE5dm4qazOoE4QaF,เห็นด้วย,นำเสนอข้อมูลแบบ onboard / online เพิ่มความโปร่งใส ติดตาม และตรวจสอบ สสร.,peEZ4F0cByDfdVv4Mh5R,
dLQvhXSG7pigJ2FPtBD6,FLuzAE5dm4qazOoE4QaF,เห็นด้วยบางส่วน,สสร. ที่มีความเชี่ยวชาญในประสบการณ์ด้านการทำงานในด้านหนึ่ง ๆ ควรมีการกำหนดระยะเวลาของประสบการณ์ของงานที่ทำ เช่น มากกว่า x ปี,oRaHQAaxlJ5gKS85cssh,
dM6Yj9KfHjHTTJaAN6Gv,FLuzAE5dm4qazOoE4QaF,ไม่เห็นด้วย,เป็นการลิดรอนสิทธิสมาชิกพรรคการเมือง เพราะเขาก็มีสิทธิในการมีส่วนร่วมในการออกแบบ รธน.,30iUR5Bs1u2g842KdF3y,weOxKzgOdsLZJOluVk6b
djiZldieS8RLaNqXntgQ,FLuzAE5dm4qazOoE4QaF,เห็นด้วยบางส่วน,"รัฐธรรมนูญ ""การเมืองมาก่อนเรื่องเทคนิค""",ntBJAaqOZ6CVfzvCIdlt,
dkHkmMduxBExNKh9NWsq,FLuzAE5dm4qazOoE4QaF,เห็นด้วยบางส่วน,มีข้อจำกัดเรื่องบางบทจะทำให้เกิดความขัดแย้ง เช่น หมวด 1-2,yhZRzAUfUTa7emEn5TrG,
dkxSFjNYPFvITluOqDBk,FLuzAE5dm4qazOoE4QaF,เห็นด้วยบางส่วน,พอคนที่สมัครมาน้อย ทำให้ต้องผลักคนที่อาจจะแปล่งๆ ไปให้,eI7AwyqnfrU90ciZcB2J,
dyeZQ24Yl57HuJ79AKvM,FLuzAE5dm4qazOoE4QaF,เห็นด้วย,เพราะคนใน paradigm อาจจะมีประเด็นร่วมกัน มากกว่าเรื่องการแบ่งจังหวัด,PPDctBeP0CJft1MFeAC8,
e88n1iyxbifkqaQzSViI,FLuzAE5dm4qazOoE4QaF,ไม่เห็นด้วย,ยังเห็นด้วยเรื่อง province / ภาค เพราะจะได้เห็นปัญหาระดับภาค และการสื่อสารภายในภาค,PPDctBeP0CJft1MFeAC8,
eENfD0zhRzNJB0orUpBj,FLuzAE5dm4qazOoE4QaF,เห็นด้วย,เยาวชนก็ควรมีส่วนร่วมใน สสร,8vddQeCXJp9iuCwsqe7l,hlIA18qqDJTqmloRSuBh
eOtGNeUDzBIZ6oBdu2cQ,XtVckzGBhhXrczpk2wBW,เห็นด้วย,เมื่อมีการเปลี่ยนแปลงกฎหมาย ก็ต้องการทราบว่าจะส่งผลต่อคดีหรือไม่,ZAdCNNsmsUjfqIH0m3Px,
ePDuNcgiuTDXx60fyeN9,FLuzAE5dm4qazOoE4QaF,เห็นด้วย,เข้าหาทางกลุ่มสังคมของกลุ่มเฉพาะต่าง ๆ เช่น สมาคมผู้พิการ เพื่อสร้างฐานเสียง,LKXzmA9tyTknWrjuwsup,
eSf3m5SObGFor51c7Xil,FLuzAE5dm4qazOoE4QaF,เห็นด้วย,เพื่อทำให้คนได้เริ่มเห็นว่ารัฐธรรมนูญเกี่ยวข้องกับชีวิตเขาอย่างไร,gVOKNIr5SqGSYt4UQGwz,OnrQqs4Ue6R9rjY9fuDR
eYYoZvhzFeMUzK9GEHUi,FLuzAE5dm4qazOoE4QaF,เห็นด้วยบางส่วน,ไม่เห็นความยึดโยง หรือประเด็นที่แตกต่างของพื้นที่ (ยกเว้น จชต.),2rIAoKtf0uRsbMDTZ6kE,
ee8DZl1sECM8dDxb5FMW,FLuzAE5dm4qazOoE4QaF,เห็นด้วย,ประชาชนต้องรู้สึกเจ้าของ สสร.,nrEaDmep95iroWpISISA,
eqgbYLHOYTsRN9BODZjN,HTmIYhVrz22i3PjxdS0h,เห็นด้วย,ส่วนตัวประสบปัญหาการเข้าถึงความช่วยเหลือทางด้านกฎหมาย อยุ่ในเรือนจำไม่มีคนให้คำปรึกษา และติดต่อทนายยาก,ZAdCNNsmsUjfqIH0m3Px,
ezGtPQ5kNoPJcx6H2kek,FLuzAE5dm4qazOoE4QaF,เห็นด้วย,เพราะ กกต. ใช้มหาดไทยในการอำนวยการจัดการเลือกตั้ง ซึ่ง มท. อยู่ใต้อำนาจ รมว. (ฝ่ายการเมือง),f8RGpxZJ7dQCu4DY6KRj,
f4q28NEPd7R8OYSRfaiT,FLuzAE5dm4qazOoE4QaF,เห็นด้วยบางส่วน,ต้องมีการเปิดให้หาเสียงเพื่อให้ประชาชนรู้ว่าใครจะมาเป็นตัวแทน,beJZeFCKxnwomk2qQmnl,
f708ROcsCzqPhlfhQhqu,FLuzAE5dm4qazOoE4QaF,เห็นด้วย,สื่อไม่ควรเซนเซอร์ตัวเอง,UiN8egrbml9767vx9jT5,
f7cUnA0dNyJu72KnDJJT,FLuzAE5dm4qazOoE4QaF,เห็นด้วย,ภาษาที่ใช้ต้องง่าย ชาวบ้านเข้าใจง่าย และตัวฉบับรัฐธรรมนูญต้องไม่หนา,peEZ4F0cByDfdVv4Mh5R,
f9sh3fNd85v82B7IxaE8,FLuzAE5dm4qazOoE4QaF,ไม่เห็นด้วย,เขาอาจจะมองว่ากฎกติกาแวดล้อมอาจจะไม่เอื้อ ทำให้หลายคนไม่อยากลง,eI7AwyqnfrU90ciZcB2J,
fl4Eb7YfDvhqhYA6Axij,FLuzAE5dm4qazOoE4QaF,เห็นด้วยบางส่วน,ในต่างประเทศมีกลไกในการเลือกตั้งต่างออกไป เช่น เลือก 2 รอบ (ไม่ระบุว่าใครจะเป็นการจัดการเลือกตั้ง),f8RGpxZJ7dQCu4DY6KRj,ezGtPQ5kNoPJcx6H2kek
flmFIYHS7ad51KzVgfWL,FLuzAE5dm4qazOoE4QaF,เห็นด้วยบางส่วน,สามารถจัด debate หรือวิดีโอแนะนำตัว ไม่จำกัดแค่ข้อความบนกระดาษ,30iUR5Bs1u2g842KdF3y,
fud8iLtm4qIS8CLgBPUL,zDLn38DfCkx1JTQfW7bl,เห็นด้วย,"โดยคาดหวังว่ารัฐธรรมนูญจะสามารถทำหน้าที่ในการขับเคลื่อนประเทศให้สามารถก้าวหน้าและมีอิสรภาพมา
กขึ้น",QIx0bqPEjthH7vViEhlP,
fvspmU772D2lrKKd4aAJ,FLuzAE5dm4qazOoE4QaF,เห็นด้วยบางส่วน,เห็นด้วยกับการเลือกตั้งทั้งหมด ควรมีการรับประกันความเชี่ยวชาญด้วย,tB7DEtiqE3Wvd4N16LQd,
fyJIHlB8MxjoxiBZqpCi,FLuzAE5dm4qazOoE4QaF,เห็นด้วยบางส่วน,สสร. ควรทำงานในลักษณะจิตอาสา ที่ได้รับการอำนวยความสะดวกจากรัฐ โดยไม่ต้องเดือดร้อนตัวเอง แต่ต้องไม่สร้างผลประโยชน์-อำนาจที่ล้นฟ้า,EjCnAXDaaJuBQLhHI42W,
gD9WOyAX6n8tvl6JNXQ1,FLuzAE5dm4qazOoE4QaF,เห็นด้วยบางส่วน,มันต้องระบุในคุณสมบัติบางส่วน,XVmOnQaXkN0SrR4L2Cqf,
glK68E9Nwobhq6JqW31o,FLuzAE5dm4qazOoE4QaF,เห็นด้วย,อาจจะมีจดหมายข่าวส่ง หรือเปิดให้ภาคประชาสังคมมาทำแพลตฟอร์มเพิ่ม เพื่อให้ประชาชนได้รับรู้ตลอดกระบวนการ,peEZ4F0cByDfdVv4Mh5R,
hM62MJZR9QP0ybKrKBVc,FLuzAE5dm4qazOoE4QaF,ไม่เห็นด้วย,คิดว่ายากในแง่ของความเป็นอิสระ,30iUR5Bs1u2g842KdF3y,weOxKzgOdsLZJOluVk6b
hMF8l6EIiVvdcSAcviYN,FLuzAE5dm4qazOoE4QaF,เห็นด้วย,คนที่สอบตก ก็ควรเข้ามามีส่วนร่วมในกระบวนการร่างด้วยได้ ไม่ใช่แค่คนที่ได้รับเลือกตั้ง,4CGZkWkBlX9VNSkBJEGI,
hSMmICGvQ48Gg1RdvsZE,FLuzAE5dm4qazOoE4QaF,เห็นด้วย,ให้มีสัดส่วนของ สภาผู้แทนราษฎรด้วย,i7nD4nBuvDJmmwAAfNuk,
hYh8sN3Jcy1nCEGHaYiF,FLuzAE5dm4qazOoE4QaF,ไม่เห็นด้วย,ควรมองที่ความเชี่ยวชาญและประสบการณ์มากกว่า โดยไม่จำกัดเรื่องเพศ,4CGZkWkBlX9VNSkBJEGI,rBQp47v74BLfMDUVhHem
hl79XPLJ1yQt8wrLVqYm,FLuzAE5dm4qazOoE4QaF,เห็นด้วย,ถ้าไม่มีหน้าที่นี้อาจจะทำให้รู้สึกไม่มีอำนาจและดึงคนเข้ามาไม่ได้,Qq1TpRiXFWMxooMqijVt,Z2Eq8i2xYT6I1Y5Gr6nd
hlIA18qqDJTqmloRSuBh,FLuzAE5dm4qazOoE4QaF,ไม่เห็นด้วย,ควรมองเรื่องประสบการณ์การทำงาน มากกว่าวุฒิการศึกษา,8vddQeCXJp9iuCwsqe7l,
hvQ0eTcqUJsmGB7sNbMz,FLuzAE5dm4qazOoE4QaF,ไม่เห็นด้วย,ควรมาเพื่อเป็นตัวแทนประชาชนจริงๆ ไม่ใช่มาเพื่อรับใช้กลุ่มการเมืองใด,VWv2kzIsYMLNk5oxEMFe,
hxyvkW5Z6qG4zs5EvvDw,HTmIYhVrz22i3PjxdS0h,เห็นด้วย,หากได้ประกอบอาชีพสุจริต ก็จะไม่ต้องกลับไปยุ่งเกี่ยวกับยาเสพติดอีก,BT8x8rmFStJjIMvPB10J,
iEQebMJL5nW2f4IVdjos,FLuzAE5dm4qazOoE4QaF,ไม่เห็นด้วย,คนที่สมัครเป็นสสร. ต้องไม่อยู่ภายใต้กลุ่มการเมือง,VWv2kzIsYMLNk5oxEMFe,
iRruuhXUNMCyatTNGXBM,FLuzAE5dm4qazOoE4QaF,เห็นด้วย,ความหลากหลายทางวิชาชีพ เพื่อที่จะนำเสนอความเห็นในแต่ละวิชาชีพในรัฐธรรมนูญ,4CGZkWkBlX9VNSkBJEGI,
iuPxuFsvTAy9tnFpXrWe,FLuzAE5dm4qazOoE4QaF,เห็นด้วย,จะได้ป้องกันคนที่อยากมีอยากได้เข้ามา และให้ได้คนที่มีจิตอาสา,wXQy4GNSAVByO1QwIw31,
iwU49QtAvTBGvCOj6qjh,FLuzAE5dm4qazOoE4QaF,เห็นด้วย,เพราะสะท้อนเสียงส่วนใหญ่ที่แท้จริง,WBp41ROA3KlO0ByzXmRS,
j9P3mof2VCh5JjGISHBH,FLuzAE5dm4qazOoE4QaF,เห็นด้วย,เช่น การใช้แอพที่คนใช้อยู่แล้ว เช่น แอพเป๋าตังค์ ทำกราฟฟิคง่ายๆ ที่ทำให้คนเข้าใจได้,peEZ4F0cByDfdVv4Mh5R,JepMcNblrAVmITXa0ed8
jKtwkjU2YTASF4dQhkuX,FLuzAE5dm4qazOoE4QaF,ไม่เห็นด้วย,เลือกตั้งอาจไม่ได้ตอบโจทย์สำหรับการได้ สสร. มาทำงานร่างรัฐธรรมนูญ ซึ่งต่างกับ สส. ที่เป็นตัวแทนจากพื้นที่,tB7DEtiqE3Wvd4N16LQd,
jSuP6a7wKw5U9xAdn6iV,FLuzAE5dm4qazOoE4QaF,เห็นด้วย,ควรจำกัดการทำงานของ กอ.รมน. ไม่ให้มาแทรกแซงการพูดคุยของ สสร.,rv1DxRCAh8vLRGYr7kfa,
jhiMhRMfgfxjo1pj7wx0,FLuzAE5dm4qazOoE4QaF,ไม่เห็นด้วย,สสร. ตัวแทนพื้นที่ กำหนดเงื่อนไขยาก และมักจะได้ข้าราชการท้องถิ่นเข้ามาทำ,2rIAoKtf0uRsbMDTZ6kE,65HbF76CoG7Fg9Qa1QQr
jjxiecMeUBFp1R2ErmDF,FLuzAE5dm4qazOoE4QaF,เห็นด้วยบางส่วน,คดีอาญา เช่น ฆ่าคน ขายยาเสพติด,w1UaINJpdc3KsocCvWSD,pvgzXQmEqXcLkAu72Asi
jwg2sALykwAAOfWxpXeh,FLuzAE5dm4qazOoE4QaF,เห็นด้วยบางส่วน,หรืออาจต้องมีการผสมผสานแนวทางอื่นเข้าไป,Pl9XOn5DOwkr51BNH2hh,m13xLNSqMioA11nJLvLe
jzLYhOOcqiZWWJQ4aQOs,FLuzAE5dm4qazOoE4QaF,เห็นด้วย,ประชาชนควรได้รู้จักคณะผู้ช่วย สสร ด้วย,w1UaINJpdc3KsocCvWSD,TNUxwghVznFGC9JfMygK
k17c5xWAz6Z3f5m15uJE,FLuzAE5dm4qazOoE4QaF,เห็นด้วย,สสร. ต้องรวบรวมความคิดเห็นที่หลากหลายเข้ามาไว้ด้วยกันได้,4CGZkWkBlX9VNSkBJEGI,
k6jnOHGiv3LmZi9zFZr8,FLuzAE5dm4qazOoE4QaF,เห็นด้วยบางส่วน,อาจมีที่ปรึกษาที่เป็นผู้เชี่ยวชาญ นำความเห็นมาเรียบเรียงเป็นกฏหมาย,lRI4lhkiWzTKCOBsbL3p,
k9gAMnvzAt23SUX6W8MC,FLuzAE5dm4qazOoE4QaF,เห็นด้วย,สสร. ตอนให้ความเห็น มันไม่เห็นว่าแต่ละคนพูดอะไร ไม่มี accountabilityเสนอให้เปิดเผยความเห็นร่าง รธน.,C88gOdn5c8qXMV5MJ2h0,
kDKK4MxjoNhKTb3NLIo3,FLuzAE5dm4qazOoE4QaF,เห็นด้วย,การร่างรัฐธรรมนุญควรเป็นเรื่องของพลเรือน,VWv2kzIsYMLNk5oxEMFe,7ylAbqOFz4Delu2OOW2k
kFHCktVfyUGdaxz77m8N,AkUH6sty9Lv2WuTTXRD9,เห็นด้วย,โดยอยากให้การอบรมอาชีพในเรือนจำเป็นวิชาชีพที่หางานทำได้จริง,BT8x8rmFStJjIMvPB10J,p2RlM13RndVsKQjizGo4
kconqzsaLYkxvCa0wQVK,FLuzAE5dm4qazOoE4QaF,เห็นด้วย,ควรมี platform ให้คนได้รู้จักผู้สมัคร สสร,w1UaINJpdc3KsocCvWSD,TNUxwghVznFGC9JfMygK
ke47wKFWTflAaeFFVpLR,FLuzAE5dm4qazOoE4QaF,เห็นด้วย,ควรเปิดกว้าง เพราะต้องให้คนรุ่นใหม่มีส่วนร่วมเพราะเค้าก็ต้องเป็นคนใช้งาน,pegZwJVtwSuC87fEl0UZ,
l22Uj108oRQt2jTjDFXG,FLuzAE5dm4qazOoE4QaF,เห็นด้วยบางส่วน,ยกเว้นคดีทางการเมือง,w1UaINJpdc3KsocCvWSD,pvgzXQmEqXcLkAu72Asi
lEqa1lOmvnzl0w0RTtvk,FLuzAE5dm4qazOoE4QaF,เห็นด้วย,ผู้เชี่ยวชาญไม่ควรอยู่ใน สสร.,ntBJAaqOZ6CVfzvCIdlt,Dxx97EmKFLXfJRoEzH06
lJYs1RYMVPyFvkeLGkJu,FLuzAE5dm4qazOoE4QaF,เห็นด้วย,ชนชั้นใดเป็นคนร่างกฎหมายก็จะเป็นกฎหมายของชนชั้นนั้น ที่ผ่านมา รธน. ฉบับนี้ให้อำนาจศาล รธน. มากเกินไป,Qq1TpRiXFWMxooMqijVt,
lUwZ0gNcKYlniliBOvxl,FLuzAE5dm4qazOoE4QaF,เห็นด้วยบางส่วน,ควรเปิดให้มีการฟังเสียง offline และ ออนไลน์ เพื่อไม่ให้มีการ bomb คะแนนเสียงเพียงฝ่ายเดียว,ioBTEBAqB3GfzOzop0K3,AxjNgQeYOaAMea6LevWg
lfZDMysrlPl6Y06qb8kW,FLuzAE5dm4qazOoE4QaF,เห็นด้วย,การเลือกตั้งอย่างเดียวอาจเป็นการจำกัดความหลากหลาย,F4KhD4lOYoeldMS4hYnG,
lfaod5nWmqvCtvObgQiv,FLuzAE5dm4qazOoE4QaF,เห็นด้วย,กระบวนการในสร้างความโปร่งใสตรวจสอบได้ ต้องไม่ซับซ้อนมาก เพื่อให้ชาวบ้านเข้าใจได้,FTlX1sG1A34X6v4SF2KR,
m13xLNSqMioA11nJLvLe,FLuzAE5dm4qazOoE4QaF,เห็นด้วย,ไม่จำเป็นต้องมีคณะทำงานผู้เชี่ยวชาญมาเขียนกฎหมายให้เป็นภาษายากๆ ชาวบ้านก็เขียนกฎหมายเองได้,Pl9XOn5DOwkr51BNH2hh,
m7KfXdIAPDlqZ1TZdk16,FLuzAE5dm4qazOoE4QaF,เห็นด้วยบางส่วน,หรือต้องมีคล้ายๆ สภาเยาวชนที่เป็นคู่ขนานให้เด็กได้มีส่วนร่วมด้วย,pegZwJVtwSuC87fEl0UZ,
mHpLW6kOo1SODHE1XD06,FLuzAE5dm4qazOoE4QaF,เห็นด้วยบางส่วน,ต้องเปิดเผยข้อมูลของผู้สมัคร เพื่อให้เห็นความยึดโยงที่หลากหลายของสังคม ทั้งอาชีพ ภูมิลำเนา สถานะทางเศรษฐกิจและสังคม ฯลฯ,cwMYFZkBcDAT64xVGPYi,
mIMHq9WZodoKz8FKkuoD,FLuzAE5dm4qazOoE4QaF,เห็นด้วย,เหมือนเป็น Curator เพื่อเป็นการการันตีว่ากระบวนการมันจะเดินต่อไปได้,hHM0HVjqwKVeG9AWTAZF,nwAHKB5cLzw3drCmB3nu
mKWBILMBWKO3fWtvDwfc,FLuzAE5dm4qazOoE4QaF,เห็นด้วย,เป็นคณะกรรมการอิสระที่ถูกจัดตั้งเป็นส่วนหนึ่งในโครงสร้างของ สสร. ไปเลย,mb426CKotDswSd9rgWPp,SE7yeHN4v2NmRIFtmmwC
mNFVAuXIM2S5wXCPhGJc,FLuzAE5dm4qazOoE4QaF,เห็นด้วย,อยากให้มีการจัดสรรงบประมาณสำหรับให้ภาคประชาสังคมทำกิจกรรมร่วมจับตา,peEZ4F0cByDfdVv4Mh5R,TxUjqxhs0xmmRyIfrrCX
mR3IlNPXnVtG4Z60ZWk8,FLuzAE5dm4qazOoE4QaF,เห็นด้วย,ไม่ควรเต็มไปด้วยผู้เชี่ยวชาญ,Qq1TpRiXFWMxooMqijVt,
n89CAbiijiZpmjn40vDU,FLuzAE5dm4qazOoE4QaF,เห็นด้วยบางส่วน,เป็นได้ แต่อาจต้องมีการเว้นวรรคช่วงระยะเวลา เช่น 5-10 ปี,4FVZ0ewHQ4KGRiPBoGm1,
nhw8ENbboeq4Z5asf0F0,zDLn38DfCkx1JTQfW7bl,เห็นด้วย,เป็นรากฐานที่สำคัญในการขับเคลื่อนนโยบายต่าง ๆ เพื่อพัฒนาประเทศ,ee9QQZxV5iESX66emeXE,
nl3g54bWs3AUMvKBETSK,FLuzAE5dm4qazOoE4QaF,ไม่เห็นด้วย,ไม่ต้องเว้นวรรคก็ได้ แค่ต้องลาออก ณ วันที่สมัคร,30iUR5Bs1u2g842KdF3y,weOxKzgOdsLZJOluVk6b
noZbJ6UJJ68qzVbef1k5,FLuzAE5dm4qazOoE4QaF,เห็นด้วย,ควรทำให้คนที่เคยทำให้ประชาธิปไตยในไทยพัง ต้องถูกกันออกไป,XVmOnQaXkN0SrR4L2Cqf,
npIQufnieXkPQP9ZfKKX,OiKFo7nNy4gsLARMI6zP,เห็นด้วย,การผูกขาดของธุรกิจบางส่วนทำให้สินค้าและบริการบางอย่างมีราคาสูงและไม่ได้มาตรฐาน และยังทำให้เกิดปัญหาสิ่งแวดล้อม,NKpuHPFOMLsCgTwgcHX9,
nsiYn9hvDsrHYNRF1w7X,FLuzAE5dm4qazOoE4QaF,เห็นด้วย,แก้ปัญหาเรื่องการซื้อเสียงได้,WBp41ROA3KlO0ByzXmRS,
nw1HkooUPbiamjZ1je4c,FLuzAE5dm4qazOoE4QaF,เห็นด้วยบางส่วน,ต้องหากลไกที่ทำให้กลุ่มการเมืองไม่ Take All แต่ไม่ควรกีดกันกลุ่มการเมืองเพราะสุดท้ายก็มีการเอาไปซ่อนได้,VWv2kzIsYMLNk5oxEMFe,iEQebMJL5nW2f4IVdjos
nwAHKB5cLzw3drCmB3nu,FLuzAE5dm4qazOoE4QaF,เห็นด้วยบางส่วน,ต้องมีตัว lead ว่าเราอยากจะแก้อะไร​? เพื่อเป็นตัวนำในการแก้ไข,hHM0HVjqwKVeG9AWTAZF,
oMJGnunRa1rWMcVddDMO,FLuzAE5dm4qazOoE4QaF,เห็นด้วย,สสร. ต้องมาจากการเลือกตั้ง,EjCnAXDaaJuBQLhHI42W,
oNKKsxBjbAXD5gVkyyar,FLuzAE5dm4qazOoE4QaF,เห็นด้วย,สสร. ควรทำหน้าที่กระบวนกร และข้อมูลที่เก็บจากวงสนทนาต่างๆ สามารถนำมาวิเคราะห์ เพื่อนำไปเป็นข้อมูลในการร่างรัฐธรรมนูญต่อได้,Qq1TpRiXFWMxooMqijVt,
ocjch0r4S8vPQhqSTT8x,FLuzAE5dm4qazOoE4QaF,เห็นด้วย,แผ่นพับ สื่อเก่าก็ยังจำเป็น สำหรับคนเข้าไม่ถึงเทคโนโลยี,peEZ4F0cByDfdVv4Mh5R,
ofcEJjpQs38vcsRma5Eo,FLuzAE5dm4qazOoE4QaF,เห็นด้วยบางส่วน,พื้นที่ สสร.ต้องมีอุปสรรคน้อยที่สุด แต่เป้นพื้นที่ในการถกแถลงเจตน์จำนง,lY0oZzdYo9y3zFhhYnmy,
olnCnxxJNyTsbY2Wbovr,FLuzAE5dm4qazOoE4QaF,เห็นด้วย,ทำหน้าที่ชี้ให้เห็นว่าปัญหาคืออะไร และถามประชาชนว่าอยากจะแก้ไขแบบไหน,wXQy4GNSAVByO1QwIw31,
om01hfe1gTpuKRxGhw5b,FLuzAE5dm4qazOoE4QaF,เห็นด้วยบางส่วน,อาจจะไม่ได้คนที่ชอบที่สุด แต่ได้คนที่ไม่ชอบน้อยที่สุด,WBp41ROA3KlO0ByzXmRS,
omnm5v4WdJiFa9CmUko3,FLuzAE5dm4qazOoE4QaF,เห็นด้วย,ผู้สมัคร สสร. ต้องผ่านการตรวจสอบอุดมการณ์โดยประชาชนผ่านการแถลงนโยบาย (หรือดีเบต),mMeEpUAziHDhG50zT935,
p2RlM13RndVsKQjizGo4,7RlnzfjxyxYTH0ajcVQK,เห็นด้วย,โดยรัฐต้องจัดให้มีระบบฟื้นฟูและฝึกอาชีพภายในเรือนจำที่เชื่อมโยงกับการประกอบอาชีพจริงหลังพ้นโทษ,BT8x8rmFStJjIMvPB10J,
p5uKzlljOSBOs759I7VW,FLuzAE5dm4qazOoE4QaF,เห็นด้วย,ความหลากหลายทางด้านรายได้,4CGZkWkBlX9VNSkBJEGI,
pDwuC9mOjpaK56FoTI3L,FLuzAE5dm4qazOoE4QaF,เห็นด้วย,ควรมีเวทีดีเบตของ สสร ด้วย,iukqL19YJuS67ZkSWMqZ,
pLj24KhV2aRDxKuKtscx,FLuzAE5dm4qazOoE4QaF,เห็นด้วย,ต้องเปิดข้อมูลว่าเคยโดนโทษหรือคดีอะไรให้สาธารณะรู้ แต่ไม่ควรจำกัด,XVmOnQaXkN0SrR4L2Cqf,
plMH5h1dZEPpHmcvspV9,FLuzAE5dm4qazOoE4QaF,เห็นด้วย,เป็นพลเมืองควรมีสิทธิเสนอตัวด้วย ไม่ว่าจะโดนดำเนินคดี,w1UaINJpdc3KsocCvWSD,pvgzXQmEqXcLkAu72Asi
pnJvptxSvllG3UHX2OmG,FLuzAE5dm4qazOoE4QaF,เห็นด้วยบางส่วน,ถ้ามีตำแหน่งทางการเมือง ต้องลาออกจากตำแหน่งทางการเมืองก่อนมาเป็นสสร.,59G9i7h4GZtz0ScSAn0C,Q00pb9ZZV2awbV1RcY7D
pth4wFSHKofd6RQzOchf,FLuzAE5dm4qazOoE4QaF,เห็นด้วย,จะได้ชัดเจน เราจะได้ไม่มี hidden agenda รู้เลยว่าเขาจะมีความเห็นยังไง,30iUR5Bs1u2g842KdF3y,
pvgzXQmEqXcLkAu72Asi,FLuzAE5dm4qazOoE4QaF,เห็นด้วยบางส่วน,สสร. ต้องไม่มีคดีเกี่ยวข้องกับการเงิน คดีอาญา คดียาเสพติด,w1UaINJpdc3KsocCvWSD,
q1FfU02VjBxgKUOBpaHC,HTmIYhVrz22i3PjxdS0h,เห็นด้วย,สิทธิในการล้างประวัติ ล้างมลทิน จะช่วยให้ผู้ต้องขังสามารถกลับคืนสู่สังคมได้,BT8x8rmFStJjIMvPB10J,
q5jTNDGjuJiAb4DqHRNw,FLuzAE5dm4qazOoE4QaF,เห็นด้วย,ตอนนี้ห่างไปนาน มันดูเฉื่อยๆ กลับมารื้อฟื้นก็น่าจะดี ให้คนมีความรู้,L7vAtfnZK03nF2zDvcvf,
qQQKXdrlojFtfyAQunQ6,FLuzAE5dm4qazOoE4QaF,เห็นด้วยบางส่วน,ที่ผ่านมาการแบ่งกลุ่มอาชีพไม่ได้เป็นตัวแทนเสียงของเรา,4CGZkWkBlX9VNSkBJEGI,
qbZatVo3PE5ElDUhYzVL,FLuzAE5dm4qazOoE4QaF,เห็นด้วยบางส่วน,อยากเห็น flow ความคิดคนมากกว่าว่ามาจากพรรคการเมืองไหน,30iUR5Bs1u2g842KdF3y,
qyg5Smx8IVqA6LQEYFvT,FLuzAE5dm4qazOoE4QaF,ไม่เห็นด้วย,สุดท้ายหนีไม่พ้น กกต. เพราะกลไกตาม รธน. กำหนดให้ กกต.จัดการเลือกตั้ง,f8RGpxZJ7dQCu4DY6KRj,
rBQp47v74BLfMDUVhHem,FLuzAE5dm4qazOoE4QaF,เห็นด้วย,สสร. ต้องมีความหลากหลายทางเพศ,4CGZkWkBlX9VNSkBJEGI,
rf6a3srl2Wl1VFQi2jf9,FLuzAE5dm4qazOoE4QaF,เห็นด้วยบางส่วน,ควรให้มีอนุกรรมการไปรับฟังความคิดเห็นจากเยาวชน มากกว่าให้เยาวชนเข้ามาเป็น สสร โดยตรง,pegZwJVtwSuC87fEl0UZ,
rfz7HM6s3ylQFvtmGGEv,vXyzxEkaeEFoAcKQEeia,เห็นด้วย,จากประสบการณ์ส่วนตัว อยากมีสิทธิติดต่อกับทนายมากกว่านี้,ZAdCNNsmsUjfqIH0m3Px,
rh1vpt9TPWnpdWwhmjeI,FLuzAE5dm4qazOoE4QaF,เห็นด้วย,"อาทิ เช่นในปี 40 มีการจัดส่งหนังสือตามบ้าน ปัจจุบันสื่อ social media , internet สามารถเข้าถึงได้ง่ายดายขึ้น อยากให้มีเครื่องมือหรือสื่อ",PoUrwgMfuXEibcipRMM4,
sEhp2J7dhvfMdLka8Sns,FLuzAE5dm4qazOoE4QaF,เห็นด้วยบางส่วน,คุณสมบัติของสสร. ต้องไม่เป็นปฏิปักษ์ต่อประชาธิปไตย,w1UaINJpdc3KsocCvWSD,
sKVoRvunkWPG0aZ5Q6sp,FLuzAE5dm4qazOoE4QaF,เห็นด้วย,เห็นด้วย ควรมีโควต้าที่ชัดเจน,tB7DEtiqE3Wvd4N16LQd,4Oyb9X2JiSOQ2NsgNUvQ
sQXwLp5UKL1e6E9Km2e2,zDLn38DfCkx1JTQfW7bl,เห็นด้วย,องค์ประกอบพื้นฐานของสังคมไทยอย่างพระพุทธศาสนา ก็อาจจะถูกใช้เพื่อสร้างความเป็นพลเมืองในระบอบประชาธิปไตยให้กับคนไทยได้,aOI4WyDnNVXUtAzVqZsS,
sVTCUmp1l4ZU2LHgVion,zDLn38DfCkx1JTQfW7bl,เห็นด้วย,"สร้างความเชื่อมโยงระหว่างประชาชนกับภาคการเมือง
ปลูกฝังให้เกิดความรักชาติ สร้างความมั่นคง",ee9QQZxV5iESX66emeXE,
sYlguleSdRLFKo93gC25,FLuzAE5dm4qazOoE4QaF,เห็นด้วยบางส่วน,การเลือกตั้งในพื้นที่ควรง่าย เช่น มีตัวแทนในพื้นที่ของตัวเอง ส่วน Party List ต้องเป็นตัวแทนของกลุ่มคนที่มีความหลากหลาย มีความรู้,tB7DEtiqE3Wvd4N16LQd,
sbqRJCfslUXlAZWwtt2r,zDLn38DfCkx1JTQfW7bl,ไม่เห็นด้วย,กฎเกณฑ์ที่ออกแบบมาจำเป็นต้องมีความเสถียรและมั่นคง,IjZMXmGBxDDaJKh5DyOZ,
siIxOQDFr86HBDvdWosp,FLuzAE5dm4qazOoE4QaF,ไม่เห็นด้วย,กลัวว่าพรรคภูมิใจไทยจะได้หมดทุกที่นั่ง,30iUR5Bs1u2g842KdF3y,
t5GMLB5aUJmErWhtsKyd,FLuzAE5dm4qazOoE4QaF,เห็นด้วยบางส่วน,เห็นด้วยกับการเลือกตั้ง แต่ไม่เห็นด้วยกับการสรรหา,F4KhD4lOYoeldMS4hYnG,
tEiZcrqh7O4EhTDECh8v,FLuzAE5dm4qazOoE4QaF,ไม่เห็นด้วย,การตีความรัฐธรรมนูญต้องใช้องค์กรอื่นในการตีความ เพราะเจตนารมณ์อาจจะเปลี่ยน,KnLQ88WRrt7g9gfxdAr1,
tPdGE6p2PBA5S8rbTvhX,FLuzAE5dm4qazOoE4QaF,เห็นด้วยบางส่วน,เยอรมันมันชัดเพราะเป็นยุคนาซี แต่ของเราอาจจะเห็นไม่ชัดอย่างนั้น,XVmOnQaXkN0SrR4L2Cqf,
tTq8Bblss3OnAsGhGG2m,FLuzAE5dm4qazOoE4QaF,เห็นด้วยบางส่วน,ให้จำกัดโควต้าผู้เชี่ยวชาญ แต่ก็ามต่อว่า แล้วกลุ่มอื่น ๆ ควรมีโควต้าด้วยมั้ย เช่น กลุ่มอาชีพ กลุ่มศาสนา,ntBJAaqOZ6CVfzvCIdlt,
tahHwEmLvyEocB2ycoA0,FLuzAE5dm4qazOoE4QaF,เห็นด้วย,สสร. ไม่ควรมีสิทธิโหวต แต่เป็นแค่คนที่ออกความคิดเห็น,lRI4lhkiWzTKCOBsbL3p,
tbxva4YEXBDZD774IVSM,FLuzAE5dm4qazOoE4QaF,ไม่เห็นด้วย,การกำหนดเงื่อนไขเรื่องพรรคการเมืองทำได้ยาก ตีความได้กว้างและหลากหลาย,30iUR5Bs1u2g842KdF3y,weOxKzgOdsLZJOluVk6b
tgs0b6KXiP2K0ueAHwQP,FLuzAE5dm4qazOoE4QaF,เห็นด้วย,และต้องมีสัดส่วนจากกลุ่มเยาวชนด้วย,4CGZkWkBlX9VNSkBJEGI,
u2Swy6u9692eRHRdqK6i,FLuzAE5dm4qazOoE4QaF,ไม่เห็นด้วย,ควรมีผู้แทนระดับจังหวัดเพื่อความยึดโยงกับคนทำงานในพื้นที่,2rIAoKtf0uRsbMDTZ6kE,
uG2BGcgTm6Ldgamoixh4,FLuzAE5dm4qazOoE4QaF,เห็นด้วย,พวกนี้มี DNA ของการเป็น active citizen,30iUR5Bs1u2g842KdF3y,
uhA01jATBnHVIti07Axz,FLuzAE5dm4qazOoE4QaF,เห็นด้วย,เพราะรัฐธรรมนูญไม่ได้จัดการแค่ปัญหาที่เกิดขึ้นอยู่,khaARS90ROktrWpNefdc,
uoTZkXHFOOa3zU6zOVD2,FLuzAE5dm4qazOoE4QaF,เห็นด้วยบางส่วน,ความขัดแย้งไม่ควรเป็นเงื่อนไขในการปิดปากหรือแสดงออก,yhZRzAUfUTa7emEn5TrG,
uvHrmUCDcrAzSHCWQySG,FLuzAE5dm4qazOoE4QaF,ไม่เห็นด้วย,กลุ่มอาชีพไม่ได้สะท้อนความเชี่ยวชาญในสัดส่วน สสร. เท่าที่ควร,hFlaIDjyVSQM95hpLX5l,
v0DKxzdJjtjNM6DW9VYG,FLuzAE5dm4qazOoE4QaF,เห็นด้วย,สสร. ต้องมีความสามารถในการสื่อสาร และรับฟังประเด็นทางสังคมที่หลากหลาย,Pl9XOn5DOwkr51BNH2hh,
v0hIdBfSa4virrU6Gdvw,FLuzAE5dm4qazOoE4QaF,เห็นด้วย,อยากให้จำนวน สสร. ในแต่ละจังหวัด สัมพันธ์กับสัดส่วนประชากรในแต่ละจังหวัดด้วย,U3yJP2gjVAZV5h2JzNxY,
v64H7gASk7MNPqDdfza3,FLuzAE5dm4qazOoE4QaF,เห็นด้วย,ขณะร่างควรเปิดเผยข้อมูล ให้สื่อมวลชนเข้ามามีส่วนร่วมทำข่าว และฟีดแบ็ก,UiN8egrbml9767vx9jT5,
vFfRYV9ES7RKtzsMQF1g,FLuzAE5dm4qazOoE4QaF,เห็นด้วยบางส่วน,สามารถเป็นสมาชิกพรรคได้ แต่ต้องเว้นวรรคจากการดำรงตำแหน่งทางการเมืองมาไม่น้อยกว่า 5 ปี,30iUR5Bs1u2g842KdF3y,weOxKzgOdsLZJOluVk6b
vR94Jx6F4OMHYFochFee,wIKPzNydyOA8KbRKHE5a,เห็นด้วย,ต้องจำกัดการใช้อำนาจไม่ให้นำไปใช้เพื่อประโยชน์ส่วนตน ,1eNG3cExFvLzW5leCHWP,
vRNu5EXRx7fzovTDEz98,FLuzAE5dm4qazOoE4QaF,เห็นด้วย,เครื่องมือที่สร้างต้องรวมจาก 3 sectors ได้แก่ public / private / CSOs,rcKMnMwfcNJBA0vTq9K2,
vU7qw8lquwZal9moNWGi,FLuzAE5dm4qazOoE4QaF,เห็นด้วย,ผู้สมัครต้องมี political project ที่ชัด ระหว่างระบบบัญชีรายชื่อ (ประเด็น) และระบบพื้นที่ (เพื่อให้เห็นผู้แทน) เพื่อเพิ่มอำนาจในการควบคุม กำกับ ให้ประชาชน,AaA3IdPpPRmGriTmLm26,
vaic38s6ugUhKqtl2Y1l,FLuzAE5dm4qazOoE4QaF,เห็นด้วย,สามารถมีการรวมกลุ่มในลักษณะ party list ได้ (แบบทำ political project),AaA3IdPpPRmGriTmLm26,
vgWIniH6w5nfhrkEyuDT,HTmIYhVrz22i3PjxdS0h,เห็นด้วย,ผู้พิการควรจะได้รับสิทธิเหมือนคนทั่วไป โดยอาจมีรัฐเข้ามาบังคับใช้กฎการไม่เลือกปฎิบัติต่อผู้พิการ,t6hibvHASB7ImBStKhrw,9Wg8NXHSoow7w8tIkGoK
vl5ZMQtd9s7cs70Ro3hB,FLuzAE5dm4qazOoE4QaF,เห็นด้วย,ให้ 3 Sectors ยกร่าง ประเด็นปัญหาของตัวเองขึ้นมา อันไหนที่รวมกันได้รวมกันไปเลย แต่อันไหนค้านกันให้มาถกเถียงกัน,hHM0HVjqwKVeG9AWTAZF,
w5vpYcKy6z7rwTuxW9E1,FLuzAE5dm4qazOoE4QaF,เห็นด้วยบางส่วน,อาจเป็นการเลือกตั้งที่มีการกำหนดโควต้าให้ชนกลุ่มน้อย คนชายขอบ,F4KhD4lOYoeldMS4hYnG,
wGalOBkwGLlBusRvBDvh,FLuzAE5dm4qazOoE4QaF,เห็นด้วย,เพื่อให้เกิดการแข่งขันและมีการพูดถึงนโยบายของตัวเอง กระตุ้นคนในจังหวัดที่เห็นภาพรวม,tB7DEtiqE3Wvd4N16LQd,sYlguleSdRLFKo93gC25
wIKwF5yPD0T8XKqrVyMt,FLuzAE5dm4qazOoE4QaF,เห็นด้วยบางส่วน,แต่ต้องเป็นผู้เชี่ยวชาญในด้านนั้น ๆ และได้รับการยอมรับจากกลุ่มอาชีพนั้น,8vddQeCXJp9iuCwsqe7l,
wJbDB5nkNkfM8TUfEBHs,FLuzAE5dm4qazOoE4QaF,เห็นด้วย,ต้องมีการเปิดเผยข้อมูลการถกเถียงประเด็นการร่างกฎหมาย ของแต่ละฝ่าย,C88gOdn5c8qXMV5MJ2h0,
weOxKzgOdsLZJOluVk6b,FLuzAE5dm4qazOoE4QaF,ไม่เห็นด้วย,ผู้สมัคร สสร. จำเป็นต้องแยกขาดจากพรรคการเมือง เพื่อให้สะท้อนความเป็นอิสระ,30iUR5Bs1u2g842KdF3y,
wizwLoMxkYSFyGm5sv4N,FLuzAE5dm4qazOoE4QaF,เห็นด้วย,ต้องมีสื่อในการติดตามคณะ สสร. เพื่อติดตามทุกกระบวนการ,C88gOdn5c8qXMV5MJ2h0,
wok8R66o4Or8YIc0hLCs,XtVckzGBhhXrczpk2wBW,เห็นด้วย,ทางเรือนจำต้องจัดให้ “โต๊ะคดี” มีการจัดอบรมหรืออัปเดตข้อมูลด้านขั้นตอน กระบวนการ และสิทธิทางกฎหมายให้เป็นปัจจุบัน,YyfjnhJ84S5XvwMrBu0N,
wsOABMt1spc5ZGSmsFbH,FLuzAE5dm4qazOoE4QaF,เห็นด้วย,สัดส่วน 90% มาจาก Partylist สัดส่วน 10% ที่ได้รับการรับรองจากฝ่ายนิติบัญญัติ และได้รับการรับรองจากฝ่ายค้าน,2rIAoKtf0uRsbMDTZ6kE,
wtAfMbABLh95zYgtw3dq,FLuzAE5dm4qazOoE4QaF,เห็นด้วยบางส่วน,อาจจะมีการแบ่งสัดส่วนระหว่างคนเขียนกฎหมาย กับ ตัวแทนของประชาชน,Qq1TpRiXFWMxooMqijVt,
xIlor2lFKdyHAGXjuG3F,FLuzAE5dm4qazOoE4QaF,ไม่เห็นด้วย,nationalist อาจจะทำให้อำนาจตกอยู่กับใครกลุ่มใดกลุ่มหนึ่งมากเกินไป,PPDctBeP0CJft1MFeAC8,
xQGBiIqQShbgAKYmIfL1,zDLn38DfCkx1JTQfW7bl,เห็นด้วย,รัฐธรรมนูญต้องเอื้อประโยชน์ต่อทุกกลุ่ม: เป็นเครื่องมือที่รับรองสิทธิและส่งเสริมคุณภาพชีวิตให้กับผู้คนทุกกลุ่ม ในสังคม,V8mRVC0MDmkQBgs9erqT,
xZTydpKRr1zHuCSF7xjL,FLuzAE5dm4qazOoE4QaF,ไม่เห็นด้วย,แม้จะแบ่งเท่าแต่อำนาจก็ไม่เท่า คิดว่าควรให้ประชาชนมากกว่า,hHM0HVjqwKVeG9AWTAZF,
xbq4549iH1m2Mn08ppgY,FLuzAE5dm4qazOoE4QaF,เห็นด้วย,ทำให้ประชาชนเรียนรู้และเข้าใจรัฐธรรมนูญ ไม่ใช่การยัดเยียดให้เรารู้,qq5SykirmTIWsbbBDARc,
xlwehwxBeFcGxoBhdf53,zDLn38DfCkx1JTQfW7bl,เห็นด้วย,เพื่อให้เกิดความมั่นใจในหลักนิติธรรมที่ใช้เป็นกฎเกณฑ์พื้นฐานของประเทศ,IjZMXmGBxDDaJKh5DyOZ,Mb2HIQw7XxHfHP6RVjPM
xoTtXAAGj4JVFzruWLlB,ZeztgNNzU3DbAZNdVQbt,เห็นด้วย,ควรได้เข้าถึงสถานพยาบาลใกล้บ้าน และสิทธิรักษาควรครอบคลุมสิทธิรักษาพยาบาลฟรี และสิทธิรักษาฟันฟรี,ri7VMl85rYWRQ5NzpcgE,
xoqKE15MztC5mOQEKvUr,OiKFo7nNy4gsLARMI6zP,เห็นด้วย,เด็กและเยาวชนอีกหลายคนยังไม่มีโอกาสเข้าถึงการศึกษา,wODKVw70M0C8blVDMpfL,
xt3uKgdQwhIxFY5RJ6Az,FLuzAE5dm4qazOoE4QaF,เห็นด้วย,ผู้เลือกต้องรู้ว่าคนที่เราเลือกเป็นใคร จะทำอะไร,30iUR5Bs1u2g842KdF3y,UcxHvSdUTdYgsAZWOnW2
y8cBRQDyB6cfvITbENQG,FLuzAE5dm4qazOoE4QaF,เห็นด้วย,สสร. ต้องมีความอิสระและไม่ถูกควบคุม,4CGZkWkBlX9VNSkBJEGI,
ykgFSLJiZZMo0ZNGF98c,FLuzAE5dm4qazOoE4QaF,เห็นด้วย,เลือกตามอาชีพ จะได้ทั้งอาชีพและชนชั้น เพื่อเป็นตัวสะท้อนผลประโยชน์ของกลุ่มตัวเอง และเสนอสิ่งที่เป็นประโยชน์กับกลุ่มตัวเองเข้าไปในกระบวนการ,4CGZkWkBlX9VNSkBJEGI,
ykhoUAK3Pj5NPgnW0TGE,FLuzAE5dm4qazOoE4QaF,ไม่เห็นด้วย,คิดว่าการจัดปาร์ตี้ลิสต์มาเลย จะทำให้เห็นภาพรวมในการวางทิศทางรัฐธรรมนูญมากกว่า,U3yJP2gjVAZV5h2JzNxY,
ym2d6obXkiAmmjEbuCb3,AkUH6sty9Lv2WuTTXRD9,เห็นด้วย,อยากให้มีคนมาทำหน้าที่โต๊ะคดีอย่างเป็นกิจจะลักษณะ,YyfjnhJ84S5XvwMrBu0N,
yowSp67yKuzzHNKLvuN2,FLuzAE5dm4qazOoE4QaF,เห็นด้วย,แจ้งเตือนประเด็นความคืบหน้าในการร่างรัฐธรรมนูญและประกาศไปทุกช่องทาง,peEZ4F0cByDfdVv4Mh5R,
ys8Vz35kdy8GESvDtWMh,FLuzAE5dm4qazOoE4QaF,เห็นด้วย,ค่อย ๆ เริ่มทำ ให้เห็นว่ารธน.ส่งผลกับประชาชนอย่างไร จึงทำให้แก้ไขทั้งฉบับได้,gVOKNIr5SqGSYt4UQGwz,
ywMCJFIT7PyYezWp9Ad7,FLuzAE5dm4qazOoE4QaF,เห็นด้วย,ต้องเอางานวิจัย หรือหลักการสากลเข้ามาด้วย,04igkOa0KDKz9yfJogEo,
z2KrODAny0AFg3KmKBhH,FLuzAE5dm4qazOoE4QaF,ไม่เห็นด้วย,คนในกลุ่มการเมืองมีความเป็น active citizen และมีความคิดที่อยากจะนำเสนอและพัฒนา และคนกลุ่มนี้เป็นคนที่จะใช้รัฐธรรมนูญเหล่านี้,V0dkfSPE4GP6d5lpNaHz,
zO83T3z4pdGQq1WZFwum,FLuzAE5dm4qazOoE4QaF,เห็นด้วย,ในโลกความเป็นจริงไม่มีความเป็นกลางทางการเมืองอยู่แล้ว,VWv2kzIsYMLNk5oxEMFe,
zWniKEnL0von3E6fGvuO,FLuzAE5dm4qazOoE4QaF,เห็นด้วย,เพราะเป็นคนร่าง รู้เจตนารมณ์ของรัฐธรรมนูญ,KnLQ88WRrt7g9gfxdAr1,
zkj1JhSvQ5Vi0sfHS6ku,FLuzAE5dm4qazOoE4QaF,เห็นด้วยบางส่วน,ยังไม่มั่นใจว่า ถ้าเอาผลการลงมติเข้าระบบคอมพิวเตอร์หมด จะไว้ใจได้ และตรวจสอบได้อย่างไร,ZDsDi5uzFybyTHDyg7Sh,
zxhpNMPKlP69hrkoRI3q,FLuzAE5dm4qazOoE4QaF,เห็นด้วย,การแบ่งเขตควรแบ่งเป็นภาค (ไม่ต้องถึงเขตเลือกตั้ง) แล้วกำหนดสัดส่วนผลลัพธ์ (จำนวน สสร.) ตามจำนวนประชากร,U3yJP2gjVAZV5h2JzNxY,